{
  "id": "9e7d9f54-2c70-456b-9d59-357ad7ee8ef5",
  "generation": 2,
  "iteration": 14,
  "timestamp": 1753468169.2462988,
  "parent_id": "d2859085-af6c-4291-9fb9-c71e2171f1ac",
  "metrics": {
    "mse": 1.1212653010724265,
    "r2": 8.058471556715574e-08,
    "mae": 0.7395063575632258,
    "nmse": 0.9999999194152844,
    "combined_score": 0.5000000201461797
  },
  "language": "python",
  "saved_at": 1753468480.98977
}