{
  "id": "f5ae9e8a-cc72-4647-a1a5-941572078e5c",
  "generation": 1,
  "iteration": 1,
  "current_iteration": 1,
  "metrics": {
    "mse": 0.002835018038863844,
    "r2": 0.9660254986463473,
    "mae": 0.03918753533933994,
    "nmse": 0.033974501353652695,
    "combined_score": 0.9671418383053216
  },
  "language": "python",
  "timestamp": 1753516265.0220275,
  "saved_at": 1753516265.0339122
}