{
  "id": "d9ca78ab-7bd0-4af3-9a03-b1817fce4581",
  "generation": 1,
  "iteration": 4,
  "current_iteration": 4,
  "metrics": {
    "nmse": 0.06901119416867157,
    "nmae": 0.27241113720528354,
    "r2": 0.9309888058313285,
    "combined_score": 0.9354438994230189
  },
  "language": "python",
  "timestamp": 1754721878.3802452,
  "saved_at": 1754721878.388096
}