{
  "id": "5a9a73b1-9345-41ba-91af-e8078210ec3f",
  "generation": 1,
  "iteration": 12,
  "current_iteration": 10,
  "metrics": {
    "nmse": 0.019217212108025416,
    "nmae": 0.11172905037912405,
    "r2": 0.9807827878919746,
    "combined_score": 0.9811451260048103
  },
  "language": "python",
  "timestamp": 1754719133.4800968,
  "saved_at": 1754719145.2533634
}