{
  "id": "478d2ad6-5851-4356-8397-7c36a64d0920",
  "generation": 2,
  "iteration": 15,
  "current_iteration": 21,
  "metrics": {
    "mse": 0.0007343878159705795,
    "r2": 0.9959201411356541,
    "mae": 0.017885597885032297,
    "nmse": 0.004079858864345747,
    "combined_score": 0.9959367187496816
  },
  "language": "python",
  "timestamp": 1753507375.3907423,
  "saved_at": 1753507446.288248
}