{
  "id": "f8a2f9c5-bb83-47ea-a26f-0daedf891ccf",
  "generation": 1,
  "iteration": 3,
  "current_iteration": 6,
  "metrics": {
    "nmse": 0.06901119416867157,
    "nmae": 0.27241113720528354,
    "r2": 0.9309888058313285,
    "combined_score": 0.9354438994230189
  },
  "language": "python",
  "timestamp": 1754723023.8913054,
  "saved_at": 1754723062.0855024
}