{
  "id": "eb5c8e34-b1df-42dd-ab25-2bb08fd2806a",
  "generation": 2,
  "iteration": 13,
  "current_iteration": 14,
  "metrics": {
    "mse": 0.0004368117561937897,
    "r2": 0.9990125029326165,
    "mae": 0.015892520497349814,
    "nmse": 0.0009874970673835431,
    "combined_score": 0.9990134771210664
  },
  "language": "python",
  "timestamp": 1753508812.0642729,
  "saved_at": 1753508841.034215
}