{
  "id": "35d6f24c-6e5d-43de-b69b-cab46173dc70",
  "generation": 1,
  "iteration": 2,
  "current_iteration": 3,
  "metrics": {
    "mse": 0.02687757094913632,
    "r2": 0.958292067282706,
    "mae": 0.12703795720939917,
    "nmse": 0.04170793271729399,
    "combined_score": 0.9599619707142876
  },
  "language": "python",
  "timestamp": 1753505753.5086071,
  "saved_at": 1753505761.1157367
}