{
  "id": "a5851ba7-d0ed-4ae3-a0ec-67b06c1a9574",
  "generation": 1,
  "iteration": 3,
  "current_iteration": 12,
  "metrics": {
    "mse": 0.0889355517896276,
    "r2": 0.861992067019866,
    "mae": 0.2276890421176016,
    "nmse": 0.13800793298013403,
    "combined_score": 0.8787284965415586
  },
  "language": "python",
  "timestamp": 1753502528.3523896,
  "saved_at": 1753502596.3213449
}