{
  "id": "9141519e-5d50-44bd-94c2-5fff7f577970",
  "generation": 2,
  "iteration": 28,
  "current_iteration": 41,
  "metrics": {
    "nmse": 0.16570190718044653,
    "nmae": 0.37237864440523466,
    "r2": 0.8342980928195535,
    "combined_score": 0.8578522466509129
  },
  "language": "python",
  "timestamp": 1754714643.4525504,
  "saved_at": 1754714740.8066542
}