{
  "id": "bafc0515-4ce4-4417-874a-6b6d80573774",
  "generation": 1,
  "iteration": 3,
  "current_iteration": 3,
  "metrics": {
    "mse": 0.0007721970157406578,
    "r2": 0.9952658717619514,
    "mae": 0.01893622236231501,
    "nmse": 0.0047341282380485555,
    "combined_score": 0.9952881781309144
  },
  "language": "python",
  "timestamp": 1753505774.7760446,
  "saved_at": 1753505775.2193863
}