{
  "id": "deaebe8e-93a4-4b82-b0e6-2380c72885f4",
  "generation": 2,
  "iteration": 7,
  "current_iteration": 7,
  "metrics": {
    "mse": 0.0028602226255497426,
    "r2": 0.9657234500340495,
    "mae": 0.039403723084838436,
    "nmse": 0.03427654996595059,
    "combined_score": 0.9668593956161154
  },
  "language": "python",
  "timestamp": 1752941361.4066133,
  "saved_at": 1752941361.4300852
}