{
  "id": "7d5c1c73-3d23-42fe-b3cc-be244413ab03",
  "generation": 2,
  "iteration": 38,
  "current_iteration": 48,
  "metrics": {
    "nmse": 0.12448705194557526,
    "nmae": 0.34971131731123994,
    "r2": 0.8755129480544247,
    "combined_score": 0.8892943660576713
  },
  "language": "python",
  "timestamp": 1754718556.8131952,
  "saved_at": 1754718611.171741
}