{
  "id": "688da811-61c8-4a58-9ab5-d363712adffa",
  "generation": 2,
  "iteration": 14,
  "timestamp": 1754716268.1039083,
  "parent_id": "69c8d724-5a1c-4f50-a26a-8c06b5f266fc",
  "metrics": {
    "nmse": 0.0009540273396918883,
    "nmae": 0.023986230143142474,
    "r2": 0.9990459726603081,
    "combined_score": 0.9990468819609752
  },
  "language": "python",
  "saved_at": 1754716557.080083
}