{
  "id": "5a0c5e7f-85a9-4e34-b398-1f94b4cbee8e",
  "generation": 2,
  "iteration": 18,
  "current_iteration": 48,
  "metrics": {
    "nmse": 0.030339510659446307,
    "nmae": 0.16165764084386294,
    "r2": 0.9696604893405537,
    "combined_score": 0.9705538705003866
  },
  "language": "python",
  "timestamp": 1754723174.6895115,
  "saved_at": 1754723403.0769937
}