{
  "id": "e0c2a424-c46b-470e-a3eb-ea2abb5cf02f",
  "generation": 0,
  "iteration": 0,
  "current_iteration": 0,
  "metrics": {
    "mse": 1.1212653610441055,
    "r2": 2.709900259745268e-08,
    "mae": 0.7395063878099366,
    "nmse": 0.9999999729009974,
    "combined_score": 0.5000000067747508
  },
  "language": "python",
  "timestamp": 1753468028.6687076,
  "saved_at": 1753468073.7477765
}