{
  "id": "f08fcf29-c8b7-468e-9710-3daa875f4958",
  "generation": 1,
  "iteration": 3,
  "current_iteration": 7,
  "metrics": {
    "mse": 0.003360729590606976,
    "r2": 0.9924191664143529,
    "mae": 0.0448637786232524,
    "nmse": 0.007580833585647069,
    "combined_score": 0.9924762030668354
  },
  "language": "python",
  "timestamp": 1753505771.3081183,
  "saved_at": 1753505810.610539
}