{
  "id": "e769d909-52df-4d0d-a365-b2e33c431642",
  "generation": 4,
  "iteration": 32,
  "current_iteration": 35,
  "metrics": {
    "mse": 0.0007272392790700474,
    "r2": 0.9959338488202766,
    "mae": 0.01773255331395302,
    "nmse": 0.004066151179723426,
    "combined_score": 0.9959503154498874
  },
  "language": "python",
  "timestamp": 1753507566.0033813,
  "saved_at": 1753507575.011727
}