{
  "id": "d52ed8e6-70c4-4b5c-abb3-525be593f824",
  "generation": 2,
  "iteration": 16,
  "current_iteration": 11,
  "metrics": {
    "nmse": 0.030339510659446307,
    "nmae": 0.16165764084386294,
    "r2": 0.9696604893405537,
    "combined_score": 0.9705538705003866
  },
  "language": "python",
  "timestamp": 1754722672.7690964,
  "saved_at": 1754722709.7279267
}