{
  "id": "f386e3c6-f83e-4c23-8e8d-d1f0e6f8c043",
  "generation": 1,
  "iteration": 0,
  "current_iteration": 3,
  "metrics": {
    "mse": 0.0027225290808791268,
    "r2": 0.9673735522399867,
    "mae": 0.037993223592469635,
    "nmse": 0.032626447760013354,
    "combined_score": 0.968404404292775
  },
  "language": "python",
  "timestamp": 1753510939.5949538,
  "saved_at": 1753510950.9887073
}