{
  "id": "b00f4179-8bc7-41d3-8e03-7fd32a297cc5",
  "generation": 1,
  "iteration": 3,
  "current_iteration": 3,
  "metrics": {
    "nmse": 0.018360804339811472,
    "nmae": 0.13690427617636788,
    "r2": 0.9816391956601885,
    "combined_score": 0.9819702366179396
  },
  "language": "python",
  "timestamp": 1754715782.767473,
  "saved_at": 1754715782.772492
}