{
  "id": "f2172759-8bf2-4128-b381-45579cdefca4",
  "generation": 2,
  "iteration": 16,
  "current_iteration": 24,
  "metrics": {
    "mse": 0.015045766594397601,
    "r2": 0.9766523611085692,
    "mae": 0.09296717755746085,
    "nmse": 0.023347638891430756,
    "combined_score": 0.9771850366345471
  },
  "language": "python",
  "timestamp": 1753502639.4006429,
  "saved_at": 1753502677.9671416
}