{
  "id": "141bbfe2-e8e0-42f4-85ce-8199ac004cf7",
  "generation": 3,
  "iteration": 21,
  "current_iteration": 73,
  "metrics": {
    "nmse": 0.3868934976149482,
    "nmae": 0.7363985304629478,
    "r2": 0.6131065023850518,
    "combined_score": 0.7210358990936997
  },
  "language": "python",
  "timestamp": 1754807723.9096103,
  "saved_at": 1754808324.828606
}