{
  "id": "27932c75-e9fa-460e-99b1-b2446b2387fc",
  "generation": 2,
  "iteration": 14,
  "current_iteration": 17,
  "metrics": {
    "nmse": 33.36786601845394,
    "nmae": 7.586566427682384,
    "r2": -32.36786601845394,
    "combined_score": 0.029096947697103064
  },
  "language": "python",
  "timestamp": 1754803718.0049222,
  "saved_at": 1754803731.4818313
}