{
  "id": "d18752a4-7c07-4ba4-b813-8d2560b728fe",
  "generation": 3,
  "iteration": 30,
  "current_iteration": 37,
  "metrics": {
    "nmse": 0.021089283423307657,
    "nmae": 0.16182582136092521,
    "r2": 0.9789107165766924,
    "combined_score": 0.9793462885511798
  },
  "language": "python",
  "timestamp": 1754722847.2048008,
  "saved_at": 1754722891.7708359
}