{
  "id": "d0c5b8b8-f081-4679-9240-599d59abadae",
  "generation": 2,
  "iteration": 10,
  "current_iteration": 10,
  "metrics": {
    "mse": 0.010323776828560402,
    "r2": 0.9690418064009974,
    "mae": 0.06329421304007382,
    "nmse": 0.03095819359900267,
    "combined_score": 0.9699714364838309
  },
  "language": "python",
  "timestamp": 1753468130.1785338,
  "saved_at": 1753468130.1933422
}