{
  "id": "43fd7245-7f6d-4638-b96c-61c3287a451f",
  "generation": 2,
  "iteration": 16,
  "current_iteration": 24,
  "metrics": {
    "nmse": 8.237640076708638,
    "nmae": 3.186254040646542,
    "r2": -7.237640076708638,
    "combined_score": 0.10825275629880342
  },
  "language": "python",
  "timestamp": 1754803751.8228276,
  "saved_at": 1754803787.784982
}