{
  "id": "1337bff6-0fbc-4ef4-b5d8-ab083d965c6c",
  "generation": 2,
  "iteration": 19,
  "current_iteration": 19,
  "metrics": {
    "nmse": 0.1654494686068055,
    "nmae": 0.3513378268219352,
    "r2": 0.8345505313931945,
    "combined_score": 0.8580380590806858
  },
  "language": "python",
  "timestamp": 1754717417.136877,
  "saved_at": 1754717417.1580265
}