{
  "id": "6f5143e2-99aa-415f-8324-d7fe80d6b013",
  "generation": 2,
  "iteration": 37,
  "timestamp": 1754717194.9934523,
  "parent_id": "93a2c8e6-da3c-4d6d-904d-eb990ab8e61f",
  "metrics": {
    "nmse": 0.22121124445826795,
    "nmae": 0.4265430391141736,
    "r2": 0.7787887555417321,
    "combined_score": 0.8188591486836516
  },
  "language": "python",
  "saved_at": 1754717271.50215
}