{
  "id": "a4f72742-8a29-4f28-9b0e-fb722be63abe",
  "generation": 4,
  "iteration": 85,
  "timestamp": 1754804331.7506073,
  "parent_id": "aae96131-a97d-4d01-a08c-dccbb23b0683",
  "metrics": {
    "nmse": 8.056121635175172,
    "nmae": 3.1365850349902997,
    "r2": -7.056121635175172,
    "combined_score": 0.11042254513409669
  },
  "language": "python",
  "saved_at": 1754805555.4147582
}