{
  "id": "04fcd3ab-fada-43ca-b850-a5952bcb8cd6",
  "generation": 3,
  "iteration": 26,
  "current_iteration": 35,
  "metrics": {
    "nmse": 0.28747156956108355,
    "nmae": 0.4747918523972421,
    "r2": 0.7125284304389164,
    "combined_score": 0.7767161804908154
  },
  "language": "python",
  "timestamp": 1754717807.444133,
  "saved_at": 1754717873.7074656
}