{
  "id": "9251a7cc-03b4-4bd6-9448-f8469311bfb5",
  "generation": 2,
  "iteration": 24,
  "current_iteration": 28,
  "metrics": {
    "mse": 0.03440563517590662,
    "r2": 0.9693153508180167,
    "mae": 0.1409342461193136,
    "nmse": 0.030684649181983305,
    "combined_score": 0.9702288675723107
  },
  "language": "python",
  "timestamp": 1752860585.6964037,
  "saved_at": 1752860639.6121547
}