{
  "id": "66354e29-b286-4395-bece-57cb54a97778",
  "generation": 1,
  "iteration": 1,
  "current_iteration": 9,
  "metrics": {
    "nmse": 0.01976555918031745,
    "nmae": 0.11662438240937405,
    "r2": 0.9802344408196826,
    "combined_score": 0.9806175458639681
  },
  "language": "python",
  "timestamp": 1754719069.9814992,
  "saved_at": 1754719122.125203
}