{
  "id": "b5b51ab9-b7ed-41f4-bf22-d7490add718a",
  "generation": 1,
  "iteration": 3,
  "current_iteration": 3,
  "metrics": {
    "mse": 0.0034954372912374353,
    "r2": 0.9581111169823996,
    "mae": 0.045655699448357075,
    "nmse": 0.04188888301760036,
    "combined_score": 0.9597952490900197
  },
  "language": "python",
  "timestamp": 1753511355.9235346,
  "saved_at": 1753511355.9304345
}