{
  "id": "88228389-1eac-4128-82a8-e96e54711e9d",
  "generation": 3,
  "iteration": 33,
  "current_iteration": 36,
  "metrics": {
    "mse": 0.0004223703083776221,
    "r2": 0.9990379060033567,
    "mae": 0.014046537443043766,
    "nmse": 0.0009620939966432688,
    "combined_score": 0.999038830738533
  },
  "language": "python",
  "timestamp": 1753507478.3423364,
  "saved_at": 1753507747.6279972
}