{
  "id": "f7937bbe-406e-4346-9e5e-6d7627008324",
  "generation": 1,
  "iteration": 3,
  "current_iteration": 20,
  "metrics": {
    "mse": 0.0024888540982580345,
    "r2": 0.9701738839855147,
    "mae": 0.036886069578882026,
    "nmse": 0.029826116014485312,
    "combined_score": 0.9710377164157432
  },
  "language": "python",
  "timestamp": 1753511262.4973931,
  "saved_at": 1753511390.1724534
}