{
  "id": "1734b48e-3f9e-4b24-9d1f-4c65bfee8b5c",
  "generation": 2,
  "iteration": 31,
  "current_iteration": 30,
  "metrics": {
    "mse": 0.0009619251313649382,
    "r2": 0.9978095980193139,
    "mae": 0.02190250348522144,
    "nmse": 0.002190401980686113,
    "combined_score": 0.997814385393876
  },
  "language": "python",
  "timestamp": 1753468327.4479513,
  "saved_at": 1753468337.921819
}