{
  "id": "c1626c72-43d1-450b-81f9-a6d82d4ab92b",
  "generation": 3,
  "iteration": 27,
  "current_iteration": 27,
  "metrics": {
    "nmse": 0.3232563994821081,
    "nmae": 0.47010728109520244,
    "r2": 0.676743600517892,
    "combined_score": 0.755711440648522
  },
  "language": "python",
  "timestamp": 1754717805.9041905,
  "saved_at": 1754717805.9223592
}