{
  "id": "760458ac-4040-4812-bd5a-acf8b8aa76fc",
  "generation": 3,
  "iteration": 25,
  "current_iteration": 46,
  "metrics": {
    "mse": 0.00026847105691427424,
    "r2": 0.9993935783741239,
    "mae": 0.012007582883488719,
    "nmse": 0.0006064216258761443,
    "combined_score": 0.9993939458984376
  },
  "language": "python",
  "timestamp": 1753508917.600025,
  "saved_at": 1753509169.7183287
}