{
  "id": "73562ba5-0b7b-4ee0-9c65-de66cd0d30a0",
  "generation": 1,
  "iteration": 1,
  "current_iteration": 1,
  "metrics": {
    "mse": 0.004320251331808477,
    "r2": 0.9482266487519531,
    "mae": 0.052033347516942934,
    "nmse": 0.05177335124804693,
    "combined_score": 0.9507751825175909
  },
  "language": "python",
  "timestamp": 1753510929.3871856,
  "saved_at": 1753510929.3967042
}