{
  "id": "6a5e9be3-fffc-46be-9f93-d7169a1d99a2",
  "generation": 1,
  "iteration": 7,
  "current_iteration": 7,
  "metrics": {
    "mse": 0.0008084493532986304,
    "r2": 0.9951608176213537,
    "mae": 0.019895103718100368,
    "nmse": 0.00483918237864638,
    "combined_score": 0.9951841225307405
  },
  "language": "python",
  "timestamp": 1753507224.7751231,
  "saved_at": 1753507225.5673366
}