{
  "id": "4f31af0e-6402-4a78-8619-51d5b572d76f",
  "generation": 1,
  "iteration": 4,
  "current_iteration": 5,
  "metrics": {
    "mse": 0.012104799228864706,
    "r2": 0.8549376010490672,
    "mae": 0.08845390558160121,
    "nmse": 0.14506239895093279,
    "combined_score": 0.873314852462334
  },
  "language": "python",
  "timestamp": 1752941810.8101044,
  "saved_at": 1752941818.8178978
}