{
  "id": "8d3279e7-716f-4d2f-b81d-ce52d0b2be2c",
  "generation": 1,
  "iteration": 4,
  "current_iteration": 16,
  "metrics": {
    "mse": 0.0007280837597759315,
    "r2": 0.9959114272846763,
    "mae": 0.01775063233686993,
    "nmse": 0.004088572715323789,
    "combined_score": 0.9959280756434992
  },
  "language": "python",
  "timestamp": 1753506550.0076215,
  "saved_at": 1753506714.0550787
}