{
  "id": "b419c625-d177-4095-8c9f-2e41f22060a3",
  "generation": 2,
  "iteration": 8,
  "current_iteration": 13,
  "metrics": {
    "mse": 0.0007012110518966035,
    "r2": 0.9983986303872506,
    "mae": 0.016678205471356428,
    "nmse": 0.001601369612749422,
    "combined_score": 0.9984011906719251
  },
  "language": "python",
  "timestamp": 1753506784.923056,
  "saved_at": 1753506939.7295458
}