{
  "id": "4b98c7d4-a790-40d2-a935-7d4eff796229",
  "generation": 2,
  "iteration": 11,
  "current_iteration": 17,
  "metrics": {
    "mse": 0.00017652794711500106,
    "r2": 0.9996018924018457,
    "mae": 0.010314654503702444,
    "nmse": 0.00039810759815424627,
    "combined_score": 0.9996020508284346
  },
  "language": "python",
  "timestamp": 1752902296.8611634,
  "saved_at": 1752902445.5636523
}