{
  "id": "512d8ec9-b910-4045-9965-d5f728ed1c40",
  "generation": 1,
  "iteration": 2,
  "current_iteration": 18,
  "metrics": {
    "mse": 0.013846142891443996,
    "r2": 0.9785139067364664,
    "mae": 0.08447201322456005,
    "nmse": 0.02148609326353361,
    "combined_score": 0.9789658484777918
  },
  "language": "python",
  "timestamp": 1753506466.2387896,
  "saved_at": 1753506590.6287396
}