{
  "id": "98ea2568-05f7-4c58-8bc1-321752ef1be7",
  "generation": 2,
  "iteration": 14,
  "timestamp": 1754715892.3001158,
  "parent_id": "b00f4179-8bc7-41d3-8e03-7fd32a297cc5",
  "metrics": {
    "nmse": 0.0009540273396918883,
    "nmae": 0.023986230143142474,
    "r2": 0.9990459726603081,
    "combined_score": 0.9990468819609752
  },
  "language": "python",
  "saved_at": 1754716140.092602
}