{
  "id": "8860bdaf-27ed-4399-bfc0-832fbe21187e",
  "generation": 2,
  "iteration": 12,
  "current_iteration": 20,
  "metrics": {
    "nmse": 0.43745368419125447,
    "nmae": 0.6955391817494094,
    "r2": 0.5625463158087456,
    "combined_score": 0.6956745883347356
  },
  "language": "python",
  "timestamp": 1754807637.8524303,
  "saved_at": 1754807705.6171713
}