{
  "id": "f150d2fb-dd3d-45f8-aa22-241af657317c",
  "generation": 1,
  "iteration": 3,
  "current_iteration": 5,
  "metrics": {
    "mse": 0.0017245432150378413,
    "r2": 0.9960663498298937,
    "mae": 0.030829748614155342,
    "nmse": 0.003933650170106254,
    "combined_score": 0.9960817628043052
  },
  "language": "python",
  "timestamp": 1752902162.150079,
  "saved_at": 1752902191.408753
}