{
  "id": "c00450c1-6744-4687-ae8b-3425b875e61c",
  "generation": 2,
  "iteration": 17,
  "current_iteration": 17,
  "metrics": {
    "nmse": 0.345649633215828,
    "nmae": 0.47415047740820343,
    "r2": 0.654350366784172,
    "combined_score": 0.7431354903357749
  },
  "language": "python",
  "timestamp": 1754717730.139575,
  "saved_at": 1754717730.154395
}