{
  "id": "85232706-d4fd-426e-bc22-120f242ba8c2",
  "generation": 2,
  "iteration": 11,
  "current_iteration": 19,
  "metrics": {
    "nmse": 0.01922560049969305,
    "nmae": 0.11205704946317475,
    "r2": 0.980774399500307,
    "combined_score": 0.9811370510216114
  },
  "language": "python",
  "timestamp": 1754719557.556159,
  "saved_at": 1754719610.7366953
}