{
  "id": "93965436-3d13-4ecb-8f09-f5a3aa92dc6a",
  "generation": 3,
  "iteration": 19,
  "current_iteration": 21,
  "metrics": {
    "mse": 0.048888187714988346,
    "r2": 0.956399093302371,
    "mae": 0.16599240276303473,
    "nmse": 0.0436009066976289,
    "combined_score": 0.9582207083016059
  },
  "language": "python",
  "timestamp": 1753506289.71779,
  "saved_at": 1753506298.3307412
}