{
  "id": "aba14f0e-c624-4628-bf47-8115be618fb2",
  "generation": 3,
  "iteration": 19,
  "current_iteration": 30,
  "metrics": {
    "mse": 0.03287459680132379,
    "r2": 0.9706808066559349,
    "mae": 0.12981983041542006,
    "nmse": 0.02931919334406503,
    "combined_score": 0.9715159364231687
  },
  "language": "python",
  "timestamp": 1753506678.1776876,
  "saved_at": 1753506745.8865988
}