{
  "id": "44dfdd06-60f9-496a-bb13-d31c2b004b2f",
  "generation": 3,
  "iteration": 23,
  "current_iteration": 30,
  "metrics": {
    "nmse": 0.07656094766193174,
    "nmae": 0.24463812285828748,
    "r2": 0.9234390523380682,
    "combined_score": 0.9288837777106755
  },
  "language": "python",
  "timestamp": 1754717434.0136755,
  "saved_at": 1754717469.5623453
}