{
  "id": "db388725-5de6-4592-a7c6-d1e6d003a61a",
  "generation": 1,
  "iteration": 9,
  "current_iteration": 14,
  "metrics": {
    "nmse": 0.4374525947768601,
    "nmae": 0.6955374820492523,
    "r2": 0.5625474052231398,
    "combined_score": 0.6956751155715384
  },
  "language": "python",
  "timestamp": 1754805633.9217026,
  "saved_at": 1754805680.19119
}