{
  "id": "b93e798f-c426-426f-9e65-b2f48e698f28",
  "generation": 1,
  "iteration": 1,
  "current_iteration": 1,
  "metrics": {
    "mse": 0.6433911474762188,
    "r2": 0.0016019401223827945,
    "mae": 0.6008389593847153,
    "nmse": 0.9983980598776172,
    "combined_score": 0.5004008060642535
  },
  "language": "python",
  "timestamp": 1753505753.2945886,
  "saved_at": 1753505753.3052275
}