{
  "id": "11cb9e21-c656-4c2f-b9ce-a99153a71b2b",
  "generation": 0,
  "iteration": 0,
  "current_iteration": 2,
  "metrics": {
    "mse": 0.008392223599862783,
    "combined_score": 0.9916776196766934,
    "mse_flan": 0.008296185516478542,
    "mse_gigaword": 0.0010748033376646493,
    "mse_wmt19": 0.015805681945445158
  },
  "language": "python",
  "timestamp": 1752156273.9719794,
  "saved_at": 1752156327.0235882
}