{
  "id": "f8bc21bd-61f2-4e51-8572-96305f8378af",
  "generation": 2,
  "iteration": 25,
  "current_iteration": 25,
  "metrics": {
    "nmse": 0.08586318121829628,
    "nmae": 0.44566585228616784,
    "r2": 0.9141368187817037,
    "combined_score": 0.920926335192652
  },
  "language": "python",
  "timestamp": 1754715536.1049953,
  "saved_at": 1754715536.1237836
}