{
  "id": "c8e05d8d-6397-4f44-b824-2d03e0b7ad23",
  "generation": 3,
  "iteration": 21,
  "current_iteration": 34,
  "metrics": {
    "mse": 0.000362644534018771,
    "r2": 0.9965621766527994,
    "mae": 0.012626195539530236,
    "nmse": 0.0034378233472005396,
    "combined_score": 0.9965739547910075
  },
  "language": "python",
  "timestamp": 1753468197.0666456,
  "saved_at": 1753468273.8751373
}