{
  "id": "14464486-3412-47ce-bae1-273bce17f583",
  "generation": 2,
  "iteration": 44,
  "current_iteration": 44,
  "metrics": {
    "nmse": 0.07020513219083765,
    "nmae": 0.39988359281558006,
    "r2": 0.9297948678091623,
    "combined_score": 0.9344003031950339
  },
  "language": "python",
  "timestamp": 1754715700.9709845,
  "saved_at": 1754715701.0006943
}