{
  "id": "8e991197-6d57-476d-9e71-b29b2d15b1e0",
  "generation": 1,
  "iteration": 0,
  "current_iteration": 18,
  "metrics": {
    "mse": 0.03472575048778416,
    "r2": 0.9690298561310992,
    "mae": 0.13283823314567975,
    "nmse": 0.03097014386890081,
    "combined_score": 0.9699601932674018
  },
  "language": "python",
  "timestamp": 1752860318.581957,
  "saved_at": 1752860524.2236903
}