{
  "id": "9d235ebb-0aee-4084-9245-64deb4bb7b11",
  "generation": 1,
  "iteration": 1,
  "current_iteration": 1,
  "metrics": {
    "mse": 0.010319972288241804,
    "r2": 0.9690873822483216,
    "mae": 0.06315279963039576,
    "nmse": 0.030912617751678438,
    "combined_score": 0.970014318168793
  },
  "language": "python",
  "timestamp": 1752854463.0610335,
  "saved_at": 1752854463.2713065
}