{
  "id": "fb7891b6-00c7-4312-8422-443686eb03b2",
  "generation": 1,
  "iteration": 0,
  "current_iteration": 0,
  "metrics": {
    "mse": 0.6433908299637785,
    "r2": 0.0016024328301325053,
    "mae": 0.60083617501402,
    "nmse": 0.9983975671698675,
    "combined_score": 0.5004009294387808
  },
  "language": "python",
  "timestamp": 1753506461.6520143,
  "saved_at": 1753506461.6603255
}