{
  "id": "32906d06-42b7-45e6-8f15-34e112691bd8",
  "generation": 2,
  "iteration": 6,
  "current_iteration": 6,
  "metrics": {
    "mse": 0.026877570607681908,
    "r2": 0.9582920678125663,
    "mae": 0.12703954899631908,
    "nmse": 0.04170793218743369,
    "combined_score": 0.9599619712025682
  },
  "language": "python",
  "timestamp": 1753505767.3036623,
  "saved_at": 1753505767.3144205
}