{
  "id": "7df953a2-f59c-4b4d-bc82-06c1a43c8ff4",
  "generation": 0,
  "iteration": 0,
  "current_iteration": 3,
  "metrics": {
    "nmse": 5.42512111103884e+23,
    "nmae": 755534900566.116,
    "r2": -5.42512111103884e+23,
    "combined_score": 1.8432768219040055e-24
  },
  "language": "python",
  "timestamp": 1754717272.6953585,
  "saved_at": 1754717292.3078697
}