{
  "id": "0e769f2b-8774-4970-8440-a2d169140fef",
  "generation": 1,
  "iteration": 10,
  "current_iteration": 9,
  "metrics": {
    "nmse": 0.019221559732239175,
    "nmae": 0.1116457745456299,
    "r2": 0.9807784402677608,
    "combined_score": 0.9811409408006548
  },
  "language": "python",
  "timestamp": 1754719952.3698692,
  "saved_at": 1754719955.743156
}