{
  "id": "05b9c61a-f1f7-4308-876d-9469f4bbbd34",
  "generation": 4,
  "iteration": 36,
  "timestamp": 1752156942.635326,
  "parent_id": "081786d9-daff-4ef7-9c74-184b1613b891",
  "metrics": {
    "mse": 0.0003530318411704348,
    "combined_score": 0.9996470927463271,
    "mse_flan": 0.0003769594313494503,
    "mse_gigaword": 0.0001622998440728804,
    "mse_wmt19": 0.0005198362480889739
  },
  "language": "python",
  "saved_at": 1752157151.5278962
}