{
  "id": "27117a83-a37c-419b-9705-ec0dfee25042",
  "generation": 1,
  "iteration": 2,
  "current_iteration": 2,
  "metrics": {
    "mse": 0.0025625434435987333,
    "r2": 0.9692908000937344,
    "mae": 0.03720116287024224,
    "nmse": 0.030709199906265656,
    "combined_score": 0.9702057574444292
  },
  "language": "python",
  "timestamp": 1753511261.3985415,
  "saved_at": 1753511261.4085128
}