{
  "id": "ecd58385-f88b-41c1-b379-18b4fd274594",
  "generation": 3,
  "iteration": 32,
  "current_iteration": 35,
  "metrics": {
    "nmse": 0.07020575059292646,
    "nmae": 0.39988548926749795,
    "r2": 0.9297942494070736,
    "combined_score": 0.9343997632660538
  },
  "language": "python",
  "timestamp": 1754715578.9068534,
  "saved_at": 1754715586.89242
}