{
  "id": "ab884550-6153-4fa7-bc9f-53048882ee5b",
  "generation": 1,
  "iteration": 3,
  "current_iteration": 2,
  "metrics": {
    "mse": 0.0028680127849064953,
    "r2": 0.9656300937393159,
    "mae": 0.03949114216118057,
    "nmse": 0.03436990626068416,
    "combined_score": 0.9667721324328415
  },
  "language": "python",
  "timestamp": 1752941327.8386245,
  "saved_at": 1752941339.1101267
}