{
  "id": "075000e6-487d-4f38-9130-77701b837aed",
  "generation": 1,
  "iteration": 2,
  "current_iteration": 2,
  "metrics": {
    "mse": 0.11319253142777963,
    "r2": 0.899049295293514,
    "mae": 0.24307354977293535,
    "nmse": 0.10095070470648602,
    "combined_score": 0.9083058812034646
  },
  "language": "python",
  "timestamp": 1752861771.5871422,
  "saved_at": 1752861771.594377
}