{
  "id": "a5f18521-91fa-4e12-96a8-3ee94ab6cfe0",
  "generation": 2,
  "iteration": 17,
  "current_iteration": 19,
  "metrics": {
    "nmse": 0.14440589928789063,
    "nmae": 0.3401006112036728,
    "r2": 0.8555941007121094,
    "combined_score": 0.8738158380887868
  },
  "language": "python",
  "timestamp": 1754718748.929609,
  "saved_at": 1754718770.4274123
}