{
  "id": "20a8c447-8593-40c2-a718-515b610cef22",
  "generation": 1,
  "iteration": 2,
  "current_iteration": 2,
  "metrics": {
    "mse": 0.29743024689687236,
    "r2": 0.7347369773736283,
    "mae": 0.34457144828479297,
    "nmse": 0.2652630226263717,
    "combined_score": 0.7903495021329624
  },
  "language": "python",
  "timestamp": 1753506160.6739392,
  "saved_at": 1753506160.6831126
}