{
  "id": "1a501f70-80b6-49d9-9561-d32d34bc7c2e",
  "generation": 2,
  "iteration": 29,
  "current_iteration": 28,
  "metrics": {
    "nmse": 0.12988874620272026,
    "nmae": 0.3338196020472984,
    "r2": 0.8701112537972797,
    "combined_score": 0.8850428888337506
  },
  "language": "python",
  "timestamp": 1754718168.4817514,
  "saved_at": 1754718170.870707
}