{
  "id": "fc617fc5-23e2-4495-a60a-857ed64038ff",
  "generation": 2,
  "iteration": 9,
  "current_iteration": 14,
  "metrics": {
    "nmse": 0.030342558165823166,
    "nmae": 0.16166167653909813,
    "r2": 0.9696574418341768,
    "combined_score": 0.9705509998346201
  },
  "language": "python",
  "timestamp": 1754722007.4545078,
  "saved_at": 1754722073.8853312
}