{
  "id": "c171662a-a084-4f57-a404-e065a63ca07f",
  "generation": 2,
  "iteration": 6,
  "current_iteration": 8,
  "metrics": {
    "mse": 0.0007012110513834404,
    "r2": 0.9983986303885011,
    "mae": 0.016678193477481555,
    "nmse": 0.0016013696114990168,
    "combined_score": 0.9984011906731717
  },
  "language": "python",
  "timestamp": 1752902203.3160264,
  "saved_at": 1752902267.92404
}