{
  "id": "f7505ed1-6a0f-40de-b49e-63db8e13777e",
  "generation": 1,
  "iteration": 3,
  "current_iteration": 3,
  "metrics": {
    "mse": 0.037645801889870566,
    "r2": 0.9146810468265437,
    "mae": 0.15188779898030463,
    "nmse": 0.08531895317345631,
    "combined_score": 0.9213881293383986
  },
  "language": "python",
  "timestamp": 1752941858.1468153,
  "saved_at": 1752941858.155639
}