{
  "id": "f073d157-fd24-464d-95dd-412dd011e935",
  "generation": 3,
  "iteration": 47,
  "timestamp": 1754716898.7103732,
  "parent_id": "87bfc6fb-1d2b-4fc8-a6f0-10d5b02ce992",
  "metrics": {
    "nmse": 0.000962920550825221,
    "nmae": 0.029535850443277008,
    "r2": 0.9990370794491747,
    "combined_score": 0.9990380057731856
  },
  "language": "python",
  "saved_at": 1754716913.1937454
}