{
  "id": "04fcd3ab-fada-43ca-b850-a5952bcb8cd6",
  "generation": 3,
  "iteration": 26,
  "timestamp": 1754717807.444133,
  "parent_id": "85d1a057-51bc-4325-bcb1-db30617188a9",
  "metrics": {
    "nmse": 0.28747156956108355,
    "nmae": 0.4747918523972421,
    "r2": 0.7125284304389164,
    "combined_score": 0.7767161804908154
  },
  "language": "python",
  "saved_at": 1754717983.4580865
}