{
  "id": "2c077280-0f19-43af-839e-69c18ef41d20",
  "generation": 4,
  "iteration": 89,
  "timestamp": 1754808535.6781552,
  "parent_id": "67d2cf38-6232-4f41-a290-b187b2807471",
  "metrics": {
    "nmse": 0.18924071786620764,
    "nmae": 0.5151606686437805,
    "r2": 0.8107592821337923,
    "combined_score": 0.840872655112455
  },
  "language": "python",
  "saved_at": 1754809886.8576005
}