{
  "id": "e1fb7d04-1b3f-4fb1-aeab-55b2d091c732",
  "generation": 1,
  "iteration": 2,
  "current_iteration": 2,
  "metrics": {
    "mse": 0.006122081213139963,
    "r2": 0.9861330886304049,
    "mae": 0.0543980575900061,
    "nmse": 0.01386691136959511,
    "combined_score": 0.9863227498460693
  },
  "language": "python",
  "timestamp": 1753508715.268024,
  "saved_at": 1753508715.277429
}