{
  "id": "66e44114-bd6a-4204-8824-fe70bb2a0507",
  "generation": 1,
  "iteration": 1,
  "current_iteration": 12,
  "metrics": {
    "nmse": 0.19535599982572563,
    "nmae": 0.48421645527133944,
    "r2": 0.8046440001742744,
    "combined_score": 0.8365708626934509
  },
  "language": "python",
  "timestamp": 1754714861.5005548,
  "saved_at": 1754714958.9095902
}