{
  "id": "77411a72-fffb-460a-b8be-2f45c0be8a72",
  "generation": 1,
  "iteration": 0,
  "current_iteration": 0,
  "metrics": {
    "mse": 0.012104799257343564,
    "r2": 0.8549376007077801,
    "mae": 0.08845384180098652,
    "nmse": 0.14506239929221987,
    "combined_score": 0.8733148522020414
  },
  "language": "python",
  "timestamp": 1752941789.778279,
  "saved_at": 1752941789.7877197
}