{
  "id": "a6ecefc3-8bed-4405-88d3-ee0ceae48ea5",
  "generation": 3,
  "iteration": 22,
  "current_iteration": 22,
  "metrics": {
    "mse": 0.026877570686772694,
    "r2": 0.9582920676898352,
    "mae": 0.12703807324374602,
    "nmse": 0.041707932310164765,
    "combined_score": 0.9599619710894681
  },
  "language": "python",
  "timestamp": 1753468207.878852,
  "saved_at": 1753468207.9005291
}