{
  "id": "45ac5ead-6d57-467e-8fc4-2d365141accd",
  "generation": 2,
  "iteration": 10,
  "current_iteration": 10,
  "metrics": {
    "nmse": 0.06578131443623163,
    "nmae": 0.27044976395124065,
    "r2": 0.9342186855637684,
    "combined_score": 0.9382787880166317
  },
  "language": "python",
  "timestamp": 1754722604.5283606,
  "saved_at": 1754722604.5360532
}