{
  "id": "9d1d68e5-42c7-40df-8125-ec4e6849e978",
  "generation": 1,
  "iteration": 9,
  "current_iteration": 9,
  "metrics": {
    "nmse": 1.771817380798198,
    "nmae": 1.656021307573424,
    "r2": -0.7718173807981981,
    "combined_score": 0.3607741285293589
  },
  "language": "python",
  "timestamp": 1754807608.7480862,
  "saved_at": 1754807608.7574522
}