{
  "id": "ffd9e185-6841-4741-875a-bd417579abc3",
  "generation": 1,
  "iteration": 9,
  "current_iteration": 9,
  "metrics": {
    "nmse": 0.42203473513337164,
    "nmae": 0.5815254794417888,
    "r2": 0.5779652648666284,
    "combined_score": 0.703217702981222
  },
  "language": "python",
  "timestamp": 1754717696.986129,
  "saved_at": 1754717697.0007627
}