{
  "id": "69c8d724-5a1c-4f50-a26a-8c06b5f266fc",
  "generation": 1,
  "iteration": 4,
  "current_iteration": 17,
  "metrics": {
    "nmse": 0.018360804339811472,
    "nmae": 0.13690427617636788,
    "r2": 0.9816391956601885,
    "combined_score": 0.9819702366179396
  },
  "language": "python",
  "timestamp": 1754716176.5543463,
  "saved_at": 1754716262.8430688
}