{
  "id": "c5c1f5b7-15e0-4da0-9466-9a4e7f91bac4",
  "generation": 2,
  "iteration": 48,
  "current_iteration": 49,
  "metrics": {
    "mse": 0.00041940891496364827,
    "r2": 0.999044465332618,
    "mae": 0.013064508583143406,
    "nmse": 0.0009555346673820398,
    "combined_score": 0.9990453775075039
  },
  "language": "python",
  "timestamp": 1753508675.006942,
  "saved_at": 1753508685.7422125
}