{
  "id": "54f6d300-8c60-4de9-b5d3-59f051abf9a9",
  "generation": 1,
  "iteration": 2,
  "current_iteration": 2,
  "metrics": {
    "mse": 0.0034989661332469626,
    "r2": 0.9580688277814189,
    "mae": 0.04611649883924826,
    "nmse": 0.041931172218581086,
    "combined_score": 0.9597562935665921
  },
  "language": "python",
  "timestamp": 1753510937.61545,
  "saved_at": 1753510937.6247153
}