{
  "id": "4a117a0e-7b8a-4410-afde-61c728794437",
  "generation": 2,
  "iteration": 6,
  "current_iteration": 6,
  "metrics": {
    "mse": 0.012104429995324312,
    "r2": 0.8549420258976029,
    "mae": 0.08845591651336658,
    "nmse": 0.1450579741023971,
    "combined_score": 0.8733182272136858
  },
  "language": "python",
  "timestamp": 1752902681.6904538,
  "saved_at": 1752902681.7105808
}