{
  "id": "9f06fce6-5b5c-4c78-bc73-90e3758ceb66",
  "generation": 1,
  "iteration": 0,
  "current_iteration": 7,
  "metrics": {
    "mse": 0.00264306943667505,
    "r2": 0.9683257866711489,
    "mae": 0.03707644082681565,
    "nmse": 0.03167421332885113,
    "combined_score": 0.969298240743413
  },
  "language": "python",
  "timestamp": 1753516265.8311245,
  "saved_at": 1753516294.054334
}