{
  "id": "b79ac5f6-abe3-4d91-bbef-997a8b441410",
  "generation": 4,
  "iteration": 50,
  "timestamp": 1754720256.4896755,
  "parent_id": "9000ea56-d00f-40ab-8b58-a02777e2e94f",
  "metrics": {
    "nmse": 0.0024331166736509136,
    "nmae": 0.04640105669219193,
    "r2": 0.9975668833263491,
    "combined_score": 0.9975727890138699
  },
  "language": "python",
  "saved_at": 1754720256.5541384
}