{
  "id": "1527bc0e-992b-4d33-bc80-014bcb2499f5",
  "generation": 3,
  "iteration": 32,
  "current_iteration": 34,
  "metrics": {
    "mse": 0.015045766539909177,
    "r2": 0.976652361193123,
    "mae": 0.09296695960455183,
    "nmse": 0.023347638806877003,
    "combined_score": 0.9771850367152867
  },
  "language": "python",
  "timestamp": 1753505951.1109047,
  "saved_at": 1753505984.5392833
}