{
  "id": "ddcb76c8-51db-41a4-a7f4-ad66cc5c187f",
  "generation": 2,
  "iteration": 9,
  "current_iteration": 14,
  "metrics": {
    "nmse": 0.030342558165823166,
    "nmae": 0.16166167653909813,
    "r2": 0.9696574418341768,
    "combined_score": 0.9705509998346201
  },
  "language": "python",
  "timestamp": 1754723085.8282738,
  "saved_at": 1754723123.3983583
}