{
  "id": "4755727e-868f-4b16-834e-5e196ac69d42",
  "generation": 1,
  "iteration": 0,
  "current_iteration": 0,
  "metrics": {
    "mse": 0.0012050345634395162,
    "r2": 0.9943521353424115,
    "mae": 0.022259006322650165,
    "nmse": 0.005647864657588512,
    "combined_score": 0.9943838545716879
  },
  "language": "python",
  "timestamp": 1752854480.2536108,
  "saved_at": 1752854480.326203
}