{
  "id": "c689c4d9-1d76-45e8-9dfd-eb5ac6d892d3",
  "generation": 2,
  "iteration": 9,
  "current_iteration": 11,
  "metrics": {
    "nmse": 0.3938911580311362,
    "nmae": 0.5087145324019942,
    "r2": 0.6061088419688638,
    "combined_score": 0.71741612983075
  },
  "language": "python",
  "timestamp": 1754716992.3627355,
  "saved_at": 1754716999.5392106
}