{
  "id": "51b62fd7-70c1-4989-ae1c-60ff2b18f3b1",
  "generation": 3,
  "iteration": 49,
  "current_iteration": 50,
  "metrics": {
    "nmse": 0.07020452690417368,
    "nmae": 0.3998817091698718,
    "r2": 0.9297954730958263,
    "combined_score": 0.9344008316734957
  },
  "language": "python",
  "timestamp": 1754715745.9855847,
  "saved_at": 1754715746.0472698
}