{
  "id": "6ed92d28-06ee-4683-a6b0-30eb291c9943",
  "generation": 1,
  "iteration": 4,
  "current_iteration": 7,
  "metrics": {
    "nmse": 0.01976555918031745,
    "nmae": 0.11662438240937405,
    "r2": 0.9802344408196826,
    "combined_score": 0.9806175458639681
  },
  "language": "python",
  "timestamp": 1754719514.5730796,
  "saved_at": 1754719533.5501404
}