{
  "id": "b0d183bd-ba89-4725-96e3-b1bc06f0e272",
  "generation": 1,
  "iteration": 1,
  "current_iteration": 2,
  "metrics": {
    "nmse": 0.36751514046727124,
    "nmae": 0.5937087780384879,
    "r2": 0.6324848595327288,
    "combined_score": 0.7312533297863937
  },
  "language": "python",
  "timestamp": 1754718002.3133564,
  "saved_at": 1754718002.9196308
}