{
  "id": "7d9d5e71-1c1b-4e95-8d35-97d67d981ae6",
  "generation": 2,
  "iteration": 10,
  "current_iteration": 14,
  "metrics": {
    "nmse": 0.324971389998225,
    "nmae": 0.5473996941171608,
    "r2": 0.675028610001775,
    "combined_score": 0.7547332776757841
  },
  "language": "python",
  "timestamp": 1754718061.4781382,
  "saved_at": 1754718087.1472454
}