{
  "id": "b2378d5e-3c34-47ee-9817-5f07d25920e0",
  "generation": 4,
  "iteration": 49,
  "timestamp": 1752902833.2722363,
  "parent_id": "066b96a2-0307-4db0-b737-0435b91ed1d6",
  "metrics": {
    "mse": 8.09402917776144e-05,
    "r2": 0.9998163984945604,
    "mae": 0.006858176852968061,
    "nmse": 0.00018360150543958649,
    "combined_score": 0.9998164321978853
  },
  "language": "python",
  "saved_at": 1752902833.3208182
}