{
  "id": "cbac2fea-7952-4380-9d14-ff013788ed4d",
  "generation": 3,
  "iteration": 17,
  "current_iteration": 21,
  "metrics": {
    "mse": 0.0007398426699822822,
    "r2": 0.9959101555346411,
    "mae": 0.018114774442775077,
    "nmse": 0.0040898444653589775,
    "combined_score": 0.9959268142309151
  },
  "language": "python",
  "timestamp": 1753506045.4283192,
  "saved_at": 1753506080.0314915
}