{
  "id": "33504be0-5242-45b5-8a03-9c8d7ac06855",
  "generation": 1,
  "iteration": 3,
  "current_iteration": 3,
  "metrics": {
    "mse": 0.29742850155624495,
    "r2": 0.7347385339548274,
    "mae": 0.3445694629043823,
    "nmse": 0.26526146604517264,
    "combined_score": 0.79035047445624
  },
  "language": "python",
  "timestamp": 1753506164.1498232,
  "saved_at": 1753506164.1602266
}