{
  "id": "9c15dad5-cb44-46e2-9714-c456ae8e1a01",
  "generation": 1,
  "iteration": 3,
  "current_iteration": 1,
  "metrics": {
    "mse": 0.3164615150513229,
    "r2": 0.7177639500244195,
    "mae": 0.3757483212171744,
    "nmse": 0.28223604997558055,
    "combined_score": 0.7798876033933413
  },
  "language": "python",
  "timestamp": 1753505749.9503412,
  "saved_at": 1753505751.8939028
}