{
  "id": "46a6d406-56ee-4f79-86aa-4503ff5ce613",
  "generation": 1,
  "iteration": 18,
  "current_iteration": 31,
  "metrics": {
    "mse": 0.002487100621802136,
    "r2": 0.9701948974279012,
    "mae": 0.03628269922236686,
    "nmse": 0.029805102572098757,
    "combined_score": 0.971057530694249
  },
  "language": "python",
  "timestamp": 1753511019.0871851,
  "saved_at": 1753511098.779399
}