{
  "id": "a2bf6d13-e2fc-4e27-bfdb-1cf51b8d6d19",
  "generation": 2,
  "iteration": 7,
  "timestamp": 1752759210.7075062,
  "parent_id": "b1f8f920-4aff-43cd-b92e-b84736c6521d",
  "metrics": {
    "mse": 0.06728960868298042,
    "combined_score": 0.936952811930761
  },
  "language": "python",
  "saved_at": 1752759625.3554468
}