{
  "id": "0d923468-ffd5-48ae-af58-c02689a253bb",
  "generation": 1,
  "iteration": 5,
  "current_iteration": 8,
  "metrics": {
    "mse": 0.0009024589605197952,
    "combined_score": 0.9990983547373268,
    "mse_flan": 0.0017102792507888134,
    "mse_gigaword": 0.0002224067590552453,
    "mse_wmt19": 0.0007746908717153272
  },
  "language": "python",
  "timestamp": 1752156372.0476754,
  "saved_at": 1752156481.1385083
}