{
  "id": "fa4497a0-76b8-4312-b851-fcc2ccbb10dd",
  "generation": 0,
  "iteration": 0,
  "current_iteration": 0,
  "metrics": {
    "mse": 0.19545684436420657,
    "r2": 6.323441632750089e-09,
    "mae": 0.3451474701041753,
    "nmse": 0.9999999936765585,
    "combined_score": 0.5000000015808604
  },
  "language": "python",
  "timestamp": 1753468053.0590904,
  "saved_at": 1753468086.835683
}