{
  "id": "95778250-d84d-4ceb-9d13-97bd721b3a10",
  "generation": 1,
  "iteration": 5,
  "current_iteration": 22,
  "metrics": {
    "mse": 0.002542916553271166,
    "r2": 0.9695260062909652,
    "mae": 0.03712377905079864,
    "nmse": 0.03047399370903484,
    "combined_score": 0.9704272073870119
  },
  "language": "python",
  "timestamp": 1753511388.9458048,
  "saved_at": 1753511510.5054643
}