{
  "id": "1e6c26f8-470c-4b41-b398-99edbf8d514c",
  "generation": 2,
  "iteration": 21,
  "current_iteration": 21,
  "metrics": {
    "nmse": 0.16090740406399923,
    "nmae": 0.28153291179324474,
    "r2": 0.8390925959360007,
    "combined_score": 0.8613951435741479
  },
  "language": "python",
  "timestamp": 1754715496.3475945,
  "saved_at": 1754715496.3650815
}