{
  "id": "066b96a2-0307-4db0-b737-0435b91ed1d6",
  "generation": 3,
  "iteration": 42,
  "current_iteration": 47,
  "metrics": {
    "mse": 0.00012886337787157003,
    "r2": 0.9997088840065063,
    "mae": 0.00893577249048628,
    "nmse": 0.0002911159934936866,
    "combined_score": 0.9997089687303634
  },
  "language": "python",
  "timestamp": 1752902766.2632027,
  "saved_at": 1752902827.3572426
}