{
  "id": "eb683a10-cd1b-4956-b708-1bc23a900b24",
  "generation": 4,
  "iteration": 24,
  "timestamp": 1752854917.37197,
  "parent_id": "92baf0b7-f466-4695-972a-a4df2ae6d924",
  "metrics": {
    "mse": 0.0007304395140725546,
    "r2": 0.9959172542021176,
    "mae": 0.01773630754978755,
    "nmse": 0.0040827457978823214,
    "combined_score": 0.9959338552375602
  },
  "language": "python",
  "saved_at": 1752855434.6409392
}