{
  "id": "7bc9299e-ff66-4c51-a4ee-f46add3dd6e4",
  "generation": 1,
  "iteration": 3,
  "current_iteration": 6,
  "metrics": {
    "mse": 0.3822856681247843,
    "r2": 0.6590587107683008,
    "mae": 0.4377285462291347,
    "nmse": 0.34094128923169925,
    "combined_score": 0.7457448048101766
  },
  "language": "python",
  "timestamp": 1752940523.968682,
  "saved_at": 1752940560.733737
}