{
  "id": "e7243608-d987-4a08-8e11-6d87d59ea888",
  "generation": 2,
  "iteration": 11,
  "current_iteration": 13,
  "metrics": {
    "nmse": 0.35475711478799465,
    "nmae": 0.50644546542682,
    "r2": 0.6452428852120053,
    "combined_score": 0.7381396924100964
  },
  "language": "python",
  "timestamp": 1754717697.2054,
  "saved_at": 1754717712.1842942
}