{
  "id": "a67abe7a-8be8-46b8-8af0-88209c0e7ddf",
  "generation": 3,
  "iteration": 39,
  "current_iteration": 45,
  "metrics": {
    "nmse": 0.14389626705549405,
    "nmae": 0.3398481998821975,
    "r2": 0.8561037329445059,
    "combined_score": 0.8742051432461637
  },
  "language": "python",
  "timestamp": 1754718908.4099486,
  "saved_at": 1754718958.2403638
}