{
  "id": "8dc69430-111e-435a-9112-213e46389293",
  "generation": 1,
  "iteration": 0,
  "current_iteration": 0,
  "metrics": {
    "mse": 0.033366318846436274,
    "r2": 0.9702422645865274,
    "mae": 0.131195727505069,
    "nmse": 0.029757735413472597,
    "combined_score": 0.9711021977402052
  },
  "language": "python",
  "timestamp": 1752861793.2021124,
  "saved_at": 1752861793.217601
}