{
  "id": "e2f71afe-4d61-4e5e-b1a6-fe4f92eec50c",
  "generation": 1,
  "iteration": 1,
  "current_iteration": 3,
  "metrics": {
    "nmse": 0.02015918458171027,
    "nmae": 0.11928476422449608,
    "r2": 0.9798408154182897,
    "combined_score": 0.9802391774868194
  },
  "language": "python",
  "timestamp": 1754719506.337368,
  "saved_at": 1754719507.7415109
}