{
  "id": "880eb934-ead0-437b-8753-11b5a773d978",
  "generation": 3,
  "iteration": 23,
  "current_iteration": 24,
  "metrics": {
    "mse": 0.0007398426206280115,
    "r2": 0.9959101557595773,
    "mae": 0.018114548803622964,
    "nmse": 0.0040898442404227915,
    "combined_score": 0.9959268144540226
  },
  "language": "python",
  "timestamp": 1753506121.8182,
  "saved_at": 1753506122.5046048
}