{
  "id": "8257cc4a-adef-43ab-98c0-86a83bfb3a6c",
  "generation": 2,
  "iteration": 9,
  "current_iteration": 13,
  "metrics": {
    "nmse": 0.3136548567828093,
    "nmae": 0.5469430126968269,
    "r2": 0.6863451432171908,
    "combined_score": 0.7612349582058701
  },
  "language": "python",
  "timestamp": 1754718716.9714022,
  "saved_at": 1754718741.4409466
}