{
  "id": "cfb9cdad-c422-46bd-a7dd-cdc82a3e059b",
  "generation": 1,
  "iteration": 2,
  "current_iteration": 6,
  "metrics": {
    "mse": 0.0027309549412575245,
    "r2": 0.9672725777837725,
    "mae": 0.03815126378025062,
    "nmse": 0.03272742221622749,
    "combined_score": 0.9683097189905207
  },
  "language": "python",
  "timestamp": 1753511363.5881927,
  "saved_at": 1753511383.9520075
}