{
  "id": "8c0cbc55-0bf3-4709-bc63-eb426a70aa0b",
  "generation": 1,
  "iteration": 24,
  "timestamp": 1754715059.5472753,
  "parent_id": "322c0f28-721a-4f53-8946-ac388b4c1ebd",
  "metrics": {
    "nmse": 0.04054507537171008,
    "nmae": 0.29818826296495893,
    "r2": 0.95945492462829,
    "combined_score": 0.9610347727058087
  },
  "language": "python",
  "saved_at": 1754715293.105767
}