{
  "id": "2ceb7ef3-4459-4f6c-baa3-0138f96cb60a",
  "generation": 1,
  "iteration": 2,
  "current_iteration": 3,
  "metrics": {
    "mse": 0.004211196263416811,
    "r2": 0.986268621846466,
    "mae": 0.03530801880867706,
    "nmse": 0.01373137815353385,
    "combined_score": 0.9864546186006939
  },
  "language": "python",
  "timestamp": 1753507162.854261,
  "saved_at": 1753507178.7588189
}