{
  "id": "179add9f-d1ce-4f45-8cb7-c91196847457",
  "generation": 4,
  "iteration": 47,
  "current_iteration": 46,
  "metrics": {
    "mse": 0.0003579748346545418,
    "r2": 0.9978631718136293,
    "mae": 0.012257497277906482,
    "nmse": 0.002136828186370786,
    "combined_score": 0.9978677281123
  },
  "language": "python",
  "timestamp": 1753507074.6560464,
  "saved_at": 1753507086.733197
}