{
  "id": "e18356a9-0062-419b-9857-d1502f336638",
  "generation": 2,
  "iteration": 7,
  "current_iteration": 13,
  "metrics": {
    "mse": 0.026877557812759342,
    "r2": 0.9582920876674026,
    "mae": 0.1270395435536932,
    "nmse": 0.04170791233259746,
    "combined_score": 0.9599619894993359
  },
  "language": "python",
  "timestamp": 1753505777.7479463,
  "saved_at": 1753505828.7479444
}