{
  "id": "88740991-0998-4bef-80fb-32d015a02b61",
  "generation": 2,
  "iteration": 35,
  "current_iteration": 41,
  "metrics": {
    "nmse": 8.2376339654398,
    "nmae": 3.1862533679500347,
    "r2": -7.2376339654398,
    "combined_score": 0.10825282791472789
  },
  "language": "python",
  "timestamp": 1754803901.2893622,
  "saved_at": 1754803926.3505423
}