{
  "id": "749a5245-086a-499d-bd48-8a649aa5271f",
  "generation": 1,
  "iteration": 5,
  "current_iteration": 11,
  "metrics": {
    "mse": 0.0007398564451707866,
    "r2": 0.9959083048651101,
    "mae": 0.018114987182480793,
    "nmse": 0.004091695134889899,
    "combined_score": 0.9959249786103048
  },
  "language": "python",
  "timestamp": 1753507263.6837282,
  "saved_at": 1753507360.8666723
}