{
  "id": "ba8dc637-cfd8-4e22-ba14-013b1e8a11e5",
  "generation": 1,
  "iteration": 4,
  "current_iteration": 4,
  "metrics": {
    "nmse": 0.02015918458171027,
    "nmae": 0.11928476422449608,
    "r2": 0.9798408154182897,
    "combined_score": 0.9802391774868194
  },
  "language": "python",
  "timestamp": 1754719065.1137316,
  "saved_at": 1754719065.118103
}