{
  "id": "f691b36e-45e2-49d4-bdde-bb6a99211020",
  "generation": 2,
  "iteration": 14,
  "current_iteration": 16,
  "metrics": {
    "mse": 0.0011031779300507622,
    "r2": 0.9936216206741875,
    "mae": 0.021198459967879772,
    "nmse": 0.0063783793258123745,
    "combined_score": 0.9936620465454701
  },
  "language": "python",
  "timestamp": 1753468154.4515586,
  "saved_at": 1753468157.51499
}