{
  "id": "6eaf3fab-6fb3-46b2-9203-f604a08bea41",
  "generation": 3,
  "iteration": 26,
  "current_iteration": 29,
  "metrics": {
    "mse": 0.001874605512300842,
    "r2": 0.9957418795896386,
    "mae": 0.030968039830909695,
    "nmse": 0.00425812041036138,
    "combined_score": 0.9957599342999374
  },
  "language": "python",
  "timestamp": 1753506019.6651764,
  "saved_at": 1753506067.730621
}