{
  "id": "63506eb4-4852-48a7-8b07-d53cb55a397b",
  "generation": 2,
  "iteration": 34,
  "current_iteration": 48,
  "metrics": {
    "mse": 0.033366316899703444,
    "r2": 0.9702422663227201,
    "mae": 0.13119403692382184,
    "nmse": 0.02975773367727986,
    "combined_score": 0.9711021993775035
  },
  "language": "python",
  "timestamp": 1753506409.4952557,
  "saved_at": 1753506514.688685
}