{
  "id": "00dcbac3-fe8a-4f49-9f41-39a0fa26a582",
  "generation": 1,
  "iteration": 3,
  "current_iteration": 6,
  "metrics": {
    "nmse": 11.58620896515139,
    "nmae": 4.2323903044834115,
    "r2": -10.58620896515139,
    "combined_score": 0.07945204173622042
  },
  "language": "python",
  "timestamp": 1754807577.5234585,
  "saved_at": 1754807590.7815208
}