{
  "id": "8806a296-73f2-4417-bff3-f8f793bf345b",
  "generation": 2,
  "iteration": 11,
  "current_iteration": 18,
  "metrics": {
    "mse": 0.033001988696251205,
    "r2": 0.9705671922557214,
    "mae": 0.13133082448556233,
    "nmse": 0.029432807744278547,
    "combined_score": 0.9714087140774419
  },
  "language": "python",
  "timestamp": 1753506613.1896808,
  "saved_at": 1753506668.9510758
}