{
  "id": "d78dca06-ec12-4996-9185-4df45ecbff9f",
  "generation": 2,
  "iteration": 21,
  "current_iteration": 27,
  "metrics": {
    "mse": 0.026877557812759117,
    "r2": 0.9582920876674029,
    "mae": 0.12703954355372016,
    "nmse": 0.04170791233259711,
    "combined_score": 0.9599619894993361
  },
  "language": "python",
  "timestamp": 1753505880.5123832,
  "saved_at": 1753505928.8639047
}