{
  "id": "a6f7f290-3ea2-438e-94d5-86af200371d6",
  "generation": 2,
  "iteration": 5,
  "current_iteration": 21,
  "metrics": {
    "mse": 0.015045766539909437,
    "r2": 0.9766523611931226,
    "mae": 0.09296695960455169,
    "nmse": 0.023347638806877406,
    "combined_score": 0.9771850367152862
  },
  "language": "python",
  "timestamp": 1753506120.7764988,
  "saved_at": 1753506235.0046055
}