{
  "id": "44bd5e03-ada7-4ad1-9795-3024658cd686",
  "generation": 3,
  "iteration": 47,
  "current_iteration": 49,
  "metrics": {
    "mse": 0.0024760645709511076,
    "r2": 0.9703271520800542,
    "mae": 0.03745264072950347,
    "nmse": 0.029672847919945816,
    "combined_score": 0.9711822565974346
  },
  "language": "python",
  "timestamp": 1753511570.216554,
  "saved_at": 1753511598.6753166
}