{
  "id": "a32c08c7-bebc-4e96-90fc-ab01f69960bb",
  "generation": 2,
  "iteration": 13,
  "current_iteration": 17,
  "metrics": {
    "mse": 0.07533267346370343,
    "r2": 0.9328145914075912,
    "mae": 0.17488103172321354,
    "nmse": 0.0671854085924089,
    "combined_score": 0.9370442960975031
  },
  "language": "python",
  "timestamp": 1753506248.1642535,
  "saved_at": 1753506261.483445
}