{
  "id": "466921ae-1b13-4013-8b8d-684b716e631b",
  "generation": 1,
  "iteration": 1,
  "current_iteration": 1,
  "metrics": {
    "mse": 0.021539160103730012,
    "r2": 0.9511604287203412,
    "mae": 0.10975999915390822,
    "nmse": 0.048839571279658656,
    "combined_score": 0.9534346599641821
  },
  "language": "python",
  "timestamp": 1753468090.039615,
  "saved_at": 1753468090.0486722
}