{
  "id": "77507da3-4390-40f3-b2b9-6be7bcf61689",
  "generation": 1,
  "iteration": 3,
  "current_iteration": 8,
  "metrics": {
    "nmse": 0.36751514046727124,
    "nmae": 0.5937087780384879,
    "r2": 0.6324848595327288,
    "combined_score": 0.7312533297863937
  },
  "language": "python",
  "timestamp": 1754718346.7971103,
  "saved_at": 1754718371.6129754
}