{
  "id": "b32f4a3f-87d2-453a-8bb8-c883c79cfb0a",
  "generation": 2,
  "iteration": 15,
  "current_iteration": 15,
  "metrics": {
    "nmse": 0.345649633215828,
    "nmae": 0.47415047740820343,
    "r2": 0.654350366784172,
    "combined_score": 0.7431354903357749
  },
  "language": "python",
  "timestamp": 1754717009.489751,
  "saved_at": 1754717009.5040295
}