{
  "id": "4555e6be-cc9b-4764-947f-4610e6607411",
  "generation": 1,
  "iteration": 0,
  "current_iteration": 6,
  "metrics": {
    "mse": 0.033366316899929076,
    "r2": 0.9702422663225189,
    "mae": 0.1311940864278252,
    "nmse": 0.02975773367748109,
    "combined_score": 0.9711021993773138
  },
  "language": "python",
  "timestamp": 1753506564.676123,
  "saved_at": 1753506592.7291386
}