{
  "id": "136b3a12-7f66-4ff2-a4f0-f15377b44036",
  "generation": 1,
  "iteration": 3,
  "current_iteration": 3,
  "metrics": {
    "mse": 0.015045770496500245,
    "r2": 0.9766523550533853,
    "mae": 0.09296694206311468,
    "nmse": 0.023347644946614645,
    "combined_score": 0.9771850308525091
  },
  "language": "python",
  "timestamp": 1753506463.8071914,
  "saved_at": 1753506463.8177652
}