{
  "id": "74c0bc56-45f4-446f-be76-ba47f669e002",
  "generation": 2,
  "iteration": 20,
  "current_iteration": 20,
  "metrics": {
    "nmse": 0.019114851319748445,
    "nmae": 0.1112478941187276,
    "r2": 0.9808851486802516,
    "combined_score": 0.98124367308062
  },
  "language": "python",
  "timestamp": 1754719193.8376117,
  "saved_at": 1754719193.857384
}