{
  "id": "18451e6f-4f0c-4e9e-bfe8-a248172c5b70",
  "generation": 2,
  "iteration": 14,
  "current_iteration": 14,
  "metrics": {
    "nmse": 0.019122414527825805,
    "nmae": 0.11129898965397161,
    "r2": 0.9808775854721742,
    "combined_score": 0.9812363909818572
  },
  "language": "python",
  "timestamp": 1754719159.575416,
  "saved_at": 1754719159.588393
}