{
  "id": "6c390d55-e60b-4438-bfc2-57f4233781f0",
  "generation": 3,
  "iteration": 32,
  "current_iteration": 36,
  "metrics": {
    "nmse": 0.14440587985980474,
    "nmae": 0.34010060123921726,
    "r2": 0.8555941201401953,
    "combined_score": 0.8738158529231822
  },
  "language": "python",
  "timestamp": 1754718849.4566894,
  "saved_at": 1754718878.870979
}