{
  "id": "c4ccdc41-2191-4fbb-bf2a-aa4c8c5b3b1e",
  "generation": 3,
  "iteration": 26,
  "current_iteration": 47,
  "metrics": {
    "mse": 0.03336631690561683,
    "r2": 0.9702422663174463,
    "mae": 0.13119429528753718,
    "nmse": 0.02975773368255371,
    "combined_score": 0.9711021993725302
  },
  "language": "python",
  "timestamp": 1752860676.6929252,
  "saved_at": 1752860895.4709253
}