{
  "id": "dae79d90-1922-429f-9e6f-6ac29b44ea12",
  "generation": 6,
  "iteration": 48,
  "current_iteration": 56,
  "metrics": {
    "nmse": 0.09757678739762139,
    "nmae": 0.3101087598372845,
    "r2": 0.9024232126023786,
    "combined_score": 0.9110979855642009
  },
  "language": "python",
  "timestamp": 1754805968.385645,
  "saved_at": 1754806037.6440606
}