{
  "id": "b56afde4-174b-4155-a4a8-24b5bd3c6e11",
  "generation": 1,
  "iteration": 7,
  "current_iteration": 12,
  "metrics": {
    "mse": 0.0006343376922878735,
    "r2": 0.9985589268858166,
    "mae": 0.01724869730638082,
    "nmse": 0.0014410731141834801,
    "combined_score": 0.9985610005891788
  },
  "language": "python",
  "timestamp": 1753508755.7630758,
  "saved_at": 1753508796.3464828
}