{
  "id": "38ed7a77-5260-4dc3-9bca-45f9c9d47ad2",
  "generation": 4,
  "iteration": 35,
  "current_iteration": 38,
  "metrics": {
    "mse": 0.0007606361473919381,
    "r2": 0.9967191975721155,
    "mae": 0.017646158136637398,
    "nmse": 0.003280802427884549,
    "combined_score": 0.996729926038707
  },
  "language": "python",
  "timestamp": 1753468300.196617,
  "saved_at": 1753468300.661011
}