{
  "id": "ee9a65c1-bf7f-44d6-a85f-5be0ac16045e",
  "generation": 2,
  "iteration": 7,
  "current_iteration": 11,
  "metrics": {
    "mse": 0.11366042763074072,
    "r2": 0.8986320022899685,
    "mae": 0.2689066146470103,
    "nmse": 0.10136799771003148,
    "combined_score": 0.9079617367484836
  },
  "language": "python",
  "timestamp": 1753506214.506043,
  "saved_at": 1753506231.8371134
}