{
  "id": "b231ca55-aafe-4170-8a63-2c1188d907b7",
  "generation": 1,
  "iteration": 1,
  "current_iteration": 1,
  "metrics": {
    "mse": 0.013823264335327403,
    "r2": 0.9785494090994212,
    "mae": 0.0847852720638598,
    "nmse": 0.021450590900578808,
    "combined_score": 0.9789998742066744
  },
  "language": "python",
  "timestamp": 1752864119.1974463,
  "saved_at": 1752864119.2059941
}