{
  "id": "c69500e3-17e9-44dd-baac-bf9f500c6b0e",
  "generation": 1,
  "iteration": 3,
  "current_iteration": 3,
  "metrics": {
    "mse": 0.01832646284994368,
    "r2": 0.9715614598901839,
    "mae": 0.09154175268153425,
    "nmse": 0.02843854010981601,
    "combined_score": 0.972347846759244
  },
  "language": "python",
  "timestamp": 1753506096.0665078,
  "saved_at": 1753506096.0773468
}