{
  "id": "46c05630-b2d3-4426-a7bb-345bc26172e7",
  "generation": 1,
  "iteration": 2,
  "current_iteration": 6,
  "metrics": {
    "mse": 0.0007393823494266942,
    "r2": 0.9958880753703179,
    "mae": 0.018112388729835532,
    "nmse": 0.0041119246296824445,
    "combined_score": 0.9959049140550752
  },
  "language": "python",
  "timestamp": 1753506514.8894825,
  "saved_at": 1753506541.6631708
}