{
  "id": "e798a304-5c5c-41b7-a6c6-c5eba71330c2",
  "generation": 1,
  "iteration": 1,
  "current_iteration": 3,
  "metrics": {
    "nmse": 112.98815363180442,
    "nmae": 14.128417620529426,
    "r2": -111.98815363180442,
    "combined_score": 0.008772841458860026
  },
  "language": "python",
  "timestamp": 1754803601.272674,
  "saved_at": 1754803608.390514
}