{
  "id": "d7bdd244-ebae-4468-8212-044a71e34a81",
  "generation": 4,
  "iteration": 39,
  "current_iteration": 42,
  "metrics": {
    "mse": 0.013430677201928415,
    "r2": 0.9791586158531292,
    "mae": 0.08698939065985732,
    "nmse": 0.02084138414687079,
    "combined_score": 0.9795841112336092
  },
  "language": "python",
  "timestamp": 1753468312.4129887,
  "saved_at": 1753468357.2522016
}