{
  "id": "459c0a64-9f81-4175-85db-f89ed3095642",
  "generation": 3,
  "iteration": 48,
  "current_iteration": 48,
  "metrics": {
    "mse": 0.0027225193573068075,
    "r2": 0.9673736687660603,
    "mae": 0.037993013512319825,
    "nmse": 0.03262633123393966,
    "combined_score": 0.9684045135717654
  },
  "language": "python",
  "timestamp": 1753511044.2843497,
  "saved_at": 1753511044.3167312
}