{
  "id": "5e975f25-5cde-43b1-bfc7-e034da7c19d5",
  "generation": 2,
  "iteration": 44,
  "current_iteration": 47,
  "metrics": {
    "nmse": 0.011946701812481994,
    "nmae": 0.09126332926218947,
    "r2": 0.988053298187518,
    "combined_score": 0.9881943369239858
  },
  "language": "python",
  "timestamp": 1754719405.2487204,
  "saved_at": 1754719424.3818119
}