{
  "id": "c4e9820d-915c-4301-b917-b1c7de646280",
  "generation": 4,
  "iteration": 32,
  "timestamp": 1753506763.0213678,
  "parent_id": "fb75c806-e75c-44c7-8954-9458c70ea805",
  "metrics": {
    "mse": 0.032874596778619425,
    "r2": 0.9706808066761838,
    "mae": 0.12981964579287958,
    "nmse": 0.02931919332381615,
    "combined_score": 0.9715159364422805
  },
  "language": "python",
  "saved_at": 1753506890.6796484
}