{
  "id": "c0b9b3f5-b6e6-47da-b1a2-76142e24958b",
  "generation": 1,
  "iteration": 4,
  "current_iteration": 7,
  "metrics": {
    "nmse": 65.34761150152974,
    "nmae": 10.735191412974888,
    "r2": -64.34761150152974,
    "combined_score": 0.01507213262646152
  },
  "language": "python",
  "timestamp": 1754803642.929268,
  "saved_at": 1754803658.9760394
}