{
  "id": "c7704ad6-b027-4879-8d16-fa67579129a6",
  "generation": 2,
  "iteration": 6,
  "current_iteration": 24,
  "metrics": {
    "mse": 0.0011780641438924738,
    "r2": 0.9973140589322854,
    "mae": 0.025749555270149316,
    "nmse": 0.002685941067714549,
    "combined_score": 0.9973212538864819
  },
  "language": "python",
  "timestamp": 1753468149.1413755,
  "saved_at": 1753468295.8646214
}