{
  "id": "a877b510-aef7-4f5b-a585-a46b51bfa400",
  "generation": 3,
  "iteration": 36,
  "current_iteration": 46,
  "metrics": {
    "nmse": 0.0024452419131919703,
    "nmae": 0.04619616690046861,
    "r2": 0.997554758086808,
    "combined_score": 0.9975607227098757
  },
  "language": "python",
  "timestamp": 1754720152.667475,
  "saved_at": 1754720227.9976282
}