{
  "id": "5ac1caaf-a8fe-496a-a814-098c9c968a33",
  "generation": 2,
  "iteration": 6,
  "current_iteration": 7,
  "metrics": {
    "mse": 0.14342417847610905,
    "r2": 0.5811200492807802,
    "mae": 0.11662370728145234,
    "nmse": 0.41887995071921985,
    "combined_score": 0.7047812603829573
  },
  "language": "python",
  "timestamp": 1753468103.3821216,
  "saved_at": 1753468104.7056928
}