{
  "id": "394eae6f-1cef-4acd-bee0-0a695cc39f6a",
  "generation": 2,
  "iteration": 7,
  "current_iteration": 17,
  "metrics": {
    "mse": 0.03287479012352263,
    "r2": 0.9706806342416249,
    "mae": 0.12973340626501884,
    "nmse": 0.029319365758375075,
    "combined_score": 0.9715157736911194
  },
  "language": "python",
  "timestamp": 1753505786.8349872,
  "saved_at": 1753505866.316641
}