{
  "id": "515503e1-9dd5-4e7f-ae76-d48104f1e4ed",
  "generation": 3,
  "iteration": 20,
  "current_iteration": 20,
  "metrics": {
    "nmse": 0.4333116674822995,
    "nmae": 0.691236564747476,
    "r2": 0.5666883325177006,
    "combined_score": 0.697684964608264
  },
  "language": "python",
  "timestamp": 1754805707.5039992,
  "saved_at": 1754805707.5186634
}