{
  "id": "fd1233e5-9dd0-46c1-b601-e94b7f30adc2",
  "generation": 2,
  "iteration": 10,
  "current_iteration": 10,
  "metrics": {
    "mse": 0.002569186065154631,
    "r2": 0.9692111957483831,
    "mae": 0.036954675468038,
    "nmse": 0.030788804251616873,
    "combined_score": 0.9701308317236037
  },
  "language": "python",
  "timestamp": 1753510982.1865761,
  "saved_at": 1753510982.2011988
}