{
  "id": "db9ecf32-12d4-41fd-8ee9-a992eed5ce69",
  "generation": 2,
  "iteration": 16,
  "current_iteration": 22,
  "metrics": {
    "mse": 0.004385036627355684,
    "r2": 0.9474502698784883,
    "mae": 0.05256758951142504,
    "nmse": 0.052549730121511685,
    "combined_score": 0.9500738743095349
  },
  "language": "python",
  "timestamp": 1753510850.2176256,
  "saved_at": 1753510886.2762995
}