{
  "id": "0a244c64-85db-4170-b048-eec58be91207",
  "generation": 3,
  "iteration": 45,
  "timestamp": 1754714780.3760214,
  "parent_id": "4f9e06e4-2758-46da-9837-f9f2aae47d9c",
  "metrics": {
    "nmse": 0.16123951361916272,
    "nmae": 0.2854803560865638,
    "r2": 0.8387604863808373,
    "combined_score": 0.861148788231777
  },
  "language": "python",
  "saved_at": 1754714826.6141138
}