{
  "id": "a1d0acc7-3993-47fa-9703-4ba26c610aa1",
  "generation": 4,
  "iteration": 26,
  "current_iteration": 28,
  "metrics": {
    "mse": 0.03287464524943768,
    "r2": 0.9706807634475079,
    "mae": 0.12977694048125815,
    "nmse": 0.029319236552492096,
    "combined_score": 0.9715158956411897
  },
  "language": "python",
  "timestamp": 1753505931.6782687,
  "saved_at": 1753505948.0628884
}