{
  "id": "65ab98cf-cb94-475b-a6a4-ba5f2f3172c9",
  "generation": 3,
  "iteration": 27,
  "current_iteration": 24,
  "metrics": {
    "nmse": 0.14423873644245291,
    "nmae": 0.3400753980505112,
    "r2": 0.8557612635575471,
    "combined_score": 0.8739434946146774
  },
  "language": "python",
  "timestamp": 1754718152.1140175,
  "saved_at": 1754718155.793245
}