{
  "id": "b3715682-652f-4b90-8733-3ff5dac2b2a4",
  "generation": 2,
  "iteration": 22,
  "current_iteration": 22,
  "metrics": {
    "nmse": 0.012855380912663349,
    "nmae": 0.09771477610758063,
    "r2": 0.9871446190873366,
    "combined_score": 0.987307782379475
  },
  "language": "python",
  "timestamp": 1754719642.6324172,
  "saved_at": 1754719642.6535687
}