{
  "id": "a9eb7cb3-de72-47a7-b55d-47d1be521be3",
  "generation": 1,
  "iteration": 3,
  "current_iteration": 5,
  "metrics": {
    "mse": 0.0007398426893085421,
    "r2": 0.9959101554002041,
    "mae": 0.018114640498140377,
    "nmse": 0.004089844599795925,
    "combined_score": 0.9959268140975711
  },
  "language": "python",
  "timestamp": 1752854486.7440312,
  "saved_at": 1752854507.2773905
}