{
  "id": "408e83a4-770c-49cc-94cb-18488edc1542",
  "generation": 3,
  "iteration": 33,
  "current_iteration": 33,
  "metrics": {
    "mse": 0.01504580197240339,
    "r2": 0.9766523062098774,
    "mae": 0.09295997742616974,
    "nmse": 0.023347693790122602,
    "combined_score": 0.9771849842123053
  },
  "language": "python",
  "timestamp": 1753505950.8026516,
  "saved_at": 1753505950.8291876
}