{
  "id": "425fa79e-8054-47da-8740-94d537be93ee",
  "generation": 2,
  "iteration": 8,
  "current_iteration": 8,
  "metrics": {
    "mse": 0.004371826145983874,
    "r2": 0.9163529192865036,
    "mae": 0.02831534296364074,
    "nmse": 0.08364708071349641,
    "combined_score": 0.9228096654323829
  },
  "language": "python",
  "timestamp": 1753468125.1865194,
  "saved_at": 1753468125.2056015
}