{
  "id": "e3d290bf-6bb8-4722-b6f7-3e4cf9674c3e",
  "generation": 2,
  "iteration": 28,
  "current_iteration": 37,
  "metrics": {
    "nmse": 0.011946706211811167,
    "nmae": 0.09126335822798065,
    "r2": 0.9880532937881888,
    "combined_score": 0.9881943326279173
  },
  "language": "python",
  "timestamp": 1754719688.0669556,
  "saved_at": 1754719745.153432
}