{
  "id": "f79d031d-7191-427d-9e64-008e22967748",
  "generation": 1,
  "iteration": 0,
  "current_iteration": 2,
  "metrics": {
    "mse": 0.0012584991838619844,
    "r2": 0.9971333067279919,
    "mae": 0.026660455042128595,
    "nmse": 0.002866693272008058,
    "combined_score": 0.9971415011673636
  },
  "language": "python",
  "timestamp": 1753468111.056866,
  "saved_at": 1753468111.1495314
}