{
  "id": "3def4268-492e-4acf-95e2-93265f639088",
  "generation": 1,
  "iteration": 4,
  "current_iteration": 3,
  "metrics": {
    "nmse": 0.06901119416867157,
    "nmae": 0.27241113720528354,
    "r2": 0.9309888058313285,
    "combined_score": 0.9354438994230189
  },
  "language": "python",
  "timestamp": 1754722518.3620293,
  "saved_at": 1754722520.4661434
}