{
  "id": "349afa6e-b865-4926-b335-4d48a3ec1dac",
  "generation": 2,
  "iteration": 16,
  "current_iteration": 32,
  "metrics": {
    "nmse": 0.030339510659446307,
    "nmae": 0.16165764084386294,
    "r2": 0.9696604893405537,
    "combined_score": 0.9705538705003866
  },
  "language": "python",
  "timestamp": 1754722097.215495,
  "saved_at": 1754722253.8267822
}