{
  "id": "cac43190-9395-4f4f-a78a-5260092bfb3b",
  "generation": 2,
  "iteration": 16,
  "current_iteration": 23,
  "metrics": {
    "nmse": 0.14440589928789063,
    "nmae": 0.3401006112036728,
    "r2": 0.8555941007121094,
    "combined_score": 0.8738158380887868
  },
  "language": "python",
  "timestamp": 1754718091.2579105,
  "saved_at": 1754718134.4254396
}