{
  "id": "1bfbd514-1ee4-4c26-8d1b-1cc02d4ff496",
  "generation": 4,
  "iteration": 26,
  "current_iteration": 27,
  "metrics": {
    "mse": 0.0027258328397898215,
    "r2": 0.9673339604066915,
    "mae": 0.03642648067301626,
    "nmse": 0.03266603959330854,
    "combined_score": 0.9683672762143187
  },
  "language": "python",
  "timestamp": 1752941931.6592562,
  "saved_at": 1752941940.4951696
}