{
  "id": "a06dad49-32e4-4bf9-aa84-d9262dbc6892",
  "generation": 2,
  "iteration": 10,
  "timestamp": 1752902709.6373615,
  "parent_id": "bdd52a87-9853-40ae-b66c-04e6d0bb3993",
  "metrics": {
    "mse": 0.012104429995320692,
    "r2": 0.8549420258976463,
    "mae": 0.08845591693086095,
    "nmse": 0.14505797410235372,
    "combined_score": 0.873318227213719
  },
  "language": "python",
  "saved_at": 1752903043.6546907
}