{
  "id": "77d86ccc-a93c-4d22-8d80-a75781353900",
  "generation": 3,
  "iteration": 32,
  "current_iteration": 40,
  "metrics": {
    "nmse": 0.2584156212811312,
    "nmae": 0.46101039772909913,
    "r2": 0.7415843787188687,
    "combined_score": 0.7946500210971229
  },
  "language": "python",
  "timestamp": 1754717169.6609151,
  "saved_at": 1754717183.9281237
}