{
  "id": "b1f8f920-4aff-43cd-b92e-b84736c6521d",
  "generation": 1,
  "iteration": 1,
  "current_iteration": 0,
  "metrics": {
    "mse": 0.07152998063639303,
    "combined_score": 0.9332450030059724
  },
  "language": "python",
  "timestamp": 1752759135.4253833,
  "saved_at": 1752759142.1701102
}