{
  "id": "069e4f34-df5e-492b-a18a-db1303f9a646",
  "generation": 1,
  "iteration": 2,
  "current_iteration": 20,
  "metrics": {
    "nmse": 0.19535599982572563,
    "nmae": 0.48421645527133944,
    "r2": 0.8046440001742744,
    "combined_score": 0.8365708626934509
  },
  "language": "python",
  "timestamp": 1754714394.2163754,
  "saved_at": 1754714539.3187883
}