{
  "id": "d0dcbb0c-81dc-42ac-ac82-b6cc60081570",
  "generation": 2,
  "iteration": 22,
  "current_iteration": 22,
  "metrics": {
    "nmse": 0.19534909478737864,
    "nmae": 0.4841969059938846,
    "r2": 0.8046509052126214,
    "combined_score": 0.836575695218035
  },
  "language": "python",
  "timestamp": 1754715056.4588685,
  "saved_at": 1754715056.4757924
}