{
  "id": "4c8f8ef1-4539-4b19-8a77-2550d170207f",
  "generation": 3,
  "iteration": 46,
  "timestamp": 1753506340.5964046,
  "parent_id": "f3991c07-2ed6-41f5-ad57-44de11609474",
  "metrics": {
    "mse": 0.0002400968425919967,
    "r2": 0.9994570060982451,
    "mae": 0.01075032357795912,
    "nmse": 0.0005429939017550312,
    "combined_score": 0.9994573007806117
  },
  "language": "python",
  "saved_at": 1753506588.2972753
}