{
  "id": "f49ea22e-b934-4d0d-bb71-45910d44dbc1",
  "generation": 1,
  "iteration": 2,
  "current_iteration": 2,
  "metrics": {
    "nmse": 0.07810695144910622,
    "nmae": 0.23880202179478766,
    "r2": 0.9218930485508938,
    "combined_score": 0.9275517597357841
  },
  "language": "python",
  "timestamp": 1754715782.680412,
  "saved_at": 1754715782.6901941
}