{
  "id": "00da0353-6ad8-43bf-bbea-b7bf78311f53",
  "generation": 2,
  "iteration": 12,
  "current_iteration": 18,
  "metrics": {
    "nmse": 0.25432593498119854,
    "nmae": 0.44897617359222314,
    "r2": 0.7456740650188014,
    "combined_score": 0.7972409499887996
  },
  "language": "python",
  "timestamp": 1754717354.501377,
  "saved_at": 1754717406.7017274
}