{
  "id": "caf12f81-1b16-4643-8bb5-80928ebf933d",
  "generation": 3,
  "iteration": 34,
  "current_iteration": 34,
  "metrics": {
    "nmse": 0.07656094665234608,
    "nmae": 0.2446381206952022,
    "r2": 0.923439053347654,
    "combined_score": 0.9288837785817714
  },
  "language": "python",
  "timestamp": 1754717499.041486,
  "saved_at": 1754717499.0610862
}