{
  "id": "fc4add16-9325-4b13-a5b8-e0c91e6d057b",
  "generation": 2,
  "iteration": 19,
  "current_iteration": 19,
  "metrics": {
    "nmse": 0.16090740722183713,
    "nmae": 0.2815329023861054,
    "r2": 0.8390925927781628,
    "combined_score": 0.8613951412310272
  },
  "language": "python",
  "timestamp": 1754715466.8867028,
  "saved_at": 1754715466.9050877
}