{
  "id": "997c2b30-5041-4da0-856f-6ac32930a909",
  "generation": 2,
  "iteration": 13,
  "current_iteration": 24,
  "metrics": {
    "nmse": 0.007070140938479596,
    "nmae": 0.07704314363278399,
    "r2": 0.9929298590615204,
    "combined_score": 0.9929794950211799
  },
  "language": "python",
  "timestamp": 1754719975.8160355,
  "saved_at": 1754720056.1534529
}