{
  "id": "87ad668d-4594-4c71-ac5f-0a1a0a1fc189",
  "generation": 3,
  "iteration": 18,
  "current_iteration": 34,
  "metrics": {
    "mse": 0.0024760708856581648,
    "r2": 0.9703270764053952,
    "mae": 0.03744746143645014,
    "nmse": 0.029672923594604855,
    "combined_score": 0.9711821852214815
  },
  "language": "python",
  "timestamp": 1753511406.7010188,
  "saved_at": 1753511489.3562863
}