{
  "id": "41bc2d4e-875c-4ded-a295-f96b7965ae05",
  "generation": 3,
  "iteration": 33,
  "current_iteration": 41,
  "metrics": {
    "mse": 0.0007272392763888404,
    "r2": 0.9959338488318579,
    "mae": 0.01773258077684046,
    "nmse": 0.004066151168142044,
    "combined_score": 0.9959503154613752
  },
  "language": "python",
  "timestamp": 1753507575.6627014,
  "saved_at": 1753507654.1376798
}