{
  "id": "57274a03-f6ff-45fa-8e46-c320b8b26db5",
  "generation": 2,
  "iteration": 9,
  "current_iteration": 9,
  "metrics": {
    "nmse": 0.3938911580311362,
    "nmae": 0.5087145324019942,
    "r2": 0.6061088419688638,
    "combined_score": 0.71741612983075
  },
  "language": "python",
  "timestamp": 1754717347.4509065,
  "saved_at": 1754717347.4667182
}