{
  "id": "5c22658e-39f1-4f6d-9a62-438a2f723cc6",
  "generation": 1,
  "iteration": 1,
  "current_iteration": 1,
  "metrics": {
    "mse": 0.000747751592334928,
    "r2": 0.9956106344954423,
    "mae": 0.01836993153743905,
    "nmse": 0.0043893655045578375,
    "combined_score": 0.9956298168267115
  },
  "language": "python",
  "timestamp": 1753505776.9112186,
  "saved_at": 1753505776.9286842
}