{
  "id": "a2bf6d13-e2fc-4e27-bfdb-1cf51b8d6d19",
  "generation": 2,
  "iteration": 7,
  "current_iteration": 35,
  "metrics": {
    "mse": 0.06728960868298042,
    "combined_score": 0.936952811930761
  },
  "language": "python",
  "timestamp": 1752759210.7075062,
  "saved_at": 1752759487.2474167
}