{
  "id": "bbdb6e29-20f2-4c44-8875-86e315ed05e3",
  "generation": 2,
  "iteration": 11,
  "current_iteration": 11,
  "metrics": {
    "nmse": 0.01922593230122924,
    "nmae": 0.11205778857319593,
    "r2": 0.9807740676987707,
    "combined_score": 0.9811367316196318
  },
  "language": "python",
  "timestamp": 1754719131.6059837,
  "saved_at": 1754719131.6210456
}