{
  "id": "699c57e7-9a8e-4219-b5ca-5bd9a0f0c696",
  "generation": 2,
  "iteration": 6,
  "current_iteration": 6,
  "metrics": {
    "mse": 0.2974285015486131,
    "r2": 0.7347385339616338,
    "mae": 0.344570306249181,
    "nmse": 0.2652614660383662,
    "combined_score": 0.7903504744604916
  },
  "language": "python",
  "timestamp": 1753506194.421289,
  "saved_at": 1753506194.4358242
}