{
  "id": "94478eca-3444-471e-8801-7f3e3626b8ab",
  "generation": 1,
  "iteration": 1,
  "current_iteration": 1,
  "metrics": {
    "nmse": 0.07810695144910622,
    "nmae": 0.23880202179478766,
    "r2": 0.9218930485508938,
    "combined_score": 0.9275517597357841
  },
  "language": "python",
  "timestamp": 1754716173.544488,
  "saved_at": 1754716173.5547159
}