{
  "id": "63edde9c-bcd9-479b-a440-a32cd749659b",
  "generation": 1,
  "iteration": 4,
  "current_iteration": 12,
  "metrics": {
    "mse": 0.0007813078876905196,
    "r2": 0.9957230486797753,
    "mae": 0.018069095018971144,
    "nmse": 0.004276951320224732,
    "combined_score": 0.995741263090224
  },
  "language": "python",
  "timestamp": 1753505883.2438583,
  "saved_at": 1753505949.8746254
}