{
  "id": "50df3783-f081-4f6e-afcd-51e7794cdb4c",
  "generation": 1,
  "iteration": 4,
  "current_iteration": 8,
  "metrics": {
    "mse": 0.002569187605474861,
    "r2": 0.9692111772893782,
    "mae": 0.036953428624213774,
    "nmse": 0.030788822710621725,
    "combined_score": 0.9701308143508409
  },
  "language": "python",
  "timestamp": 1753510958.8941846,
  "saved_at": 1753510974.9380496
}