{
  "id": "0cadb1b1-38c0-4523-9b01-b6a13631d097",
  "generation": 2,
  "iteration": 46,
  "current_iteration": 50,
  "metrics": {
    "nmse": 0.10606087802469144,
    "nmae": 0.31337411436085294,
    "r2": 0.8939391219753086,
    "combined_score": 0.9041093667338591
  },
  "language": "python",
  "timestamp": 1754718283.0067992,
  "saved_at": 1754718327.6956284
}