{
  "id": "b6f2c0b1-5332-4918-95e4-70bf59a8530a",
  "generation": 1,
  "iteration": 4,
  "current_iteration": 4,
  "metrics": {
    "nmse": 0.39389171575651705,
    "nmae": 0.5087149307690798,
    "r2": 0.606108284243483,
    "combined_score": 0.7174158427774733
  },
  "language": "python",
  "timestamp": 1754717301.767463,
  "saved_at": 1754717301.7781594
}