{
  "id": "cfc86119-38cb-4b44-9d6e-e4e5579755d5",
  "generation": 4,
  "iteration": 32,
  "current_iteration": 45,
  "metrics": {
    "mse": 0.0005438876355616062,
    "r2": 0.9987645297723582,
    "mae": 0.017073818490328706,
    "nmse": 0.0012354702276418594,
    "combined_score": 0.9987660542755633
  },
  "language": "python",
  "timestamp": 1753468350.214921,
  "saved_at": 1753468459.5471432
}