{
  "id": "62fbe674-48c6-49d8-b697-a6b9520fb1b9",
  "generation": 1,
  "iteration": 1,
  "current_iteration": 5,
  "metrics": {
    "nmse": 0.36751514046727124,
    "nmae": 0.5937087780384879,
    "r2": 0.6324848595327288,
    "combined_score": 0.7312533297863937
  },
  "language": "python",
  "timestamp": 1754718665.9297357,
  "saved_at": 1754718688.22667
}