{
  "id": "8480628a-64e5-4747-9ef2-bf4c29ad9560",
  "generation": 2,
  "iteration": 29,
  "timestamp": 1752941950.4684603,
  "parent_id": "77411a72-fffb-460a-b8be-2f45c0be8a72",
  "metrics": {
    "mse": 0.002723027409929315,
    "r2": 0.9673675803270189,
    "mae": 0.03666457217411045,
    "nmse": 0.03263241967298114,
    "combined_score": 0.96839880382284
  },
  "language": "python",
  "saved_at": 1752942052.6973803
}