{
  "id": "1244541c-04c0-4788-987c-88a6e527b926",
  "generation": 0,
  "iteration": 0,
  "current_iteration": 2,
  "metrics": {
    "mse": 0.01573167173197248,
    "r2": 0.9755879909174326,
    "mae": 0.09456865955104093,
    "nmse": 0.024412009082567337,
    "combined_score": 0.976169735549635
  },
  "language": "python",
  "timestamp": 1752864086.9765022,
  "saved_at": 1752864108.1372783
}