{
  "id": "207e52d8-396d-49c3-a10b-d8997c5086b2",
  "generation": 1,
  "iteration": 0,
  "current_iteration": 0,
  "metrics": {
    "mse": 1.500288832643045,
    "r2": -16.979273597824587,
    "mae": 1.1845430100817629,
    "nmse": 17.979273597824587,
    "combined_score": 0.05268905550287343
  },
  "language": "python",
  "timestamp": 1753510770.0100095,
  "saved_at": 1753510770.020586
}