{
  "id": "cc8b052b-7f8b-4656-aaf4-5ade4a49a6c5",
  "generation": 4,
  "iteration": 31,
  "current_iteration": 37,
  "metrics": {
    "mse": 0.0003571075549734116,
    "r2": 0.9966796886283159,
    "mae": 0.012556999787394552,
    "nmse": 0.003320311371684118,
    "combined_score": 0.9966906766123923
  },
  "language": "python",
  "timestamp": 1753468276.6340423,
  "saved_at": 1753468299.7725384
}