{
  "id": "fe237a95-3a32-494f-9a4a-4215b279e7f3",
  "generation": 2,
  "iteration": 9,
  "current_iteration": 13,
  "metrics": {
    "mse": 0.002569186053848745,
    "r2": 0.9692111958838715,
    "mae": 0.0369546753393245,
    "nmse": 0.03078880411612855,
    "combined_score": 0.970130831851119
  },
  "language": "python",
  "timestamp": 1753510984.011337,
  "saved_at": 1753511004.99097
}