{
  "id": "7324caaf-067a-46ff-81f5-0f9dc0b20346",
  "generation": 2,
  "iteration": 17,
  "current_iteration": 25,
  "metrics": {
    "nmse": 0.004423948501471063,
    "nmae": 0.06143018790916058,
    "r2": 0.9955760514985289,
    "combined_score": 0.9955955366177088
  },
  "language": "python",
  "timestamp": 1754716700.2810397,
  "saved_at": 1754716734.4028373
}