{
  "id": "871e9470-bce4-40d2-a75d-6e85990ac229",
  "generation": 1,
  "iteration": 4,
  "current_iteration": 4,
  "metrics": {
    "mse": 0.0018206972632890085,
    "r2": 0.9958804023737056,
    "mae": 0.033514401274580836,
    "nmse": 0.00411959762629447,
    "combined_score": 0.9958973038311043
  },
  "language": "python",
  "timestamp": 1753508734.5703251,
  "saved_at": 1753508734.5826762
}