{
  "id": "e3c6f525-a953-42d2-9d26-27686d470a8d",
  "generation": 2,
  "iteration": 24,
  "current_iteration": 28,
  "metrics": {
    "nmse": 0.14835349677794338,
    "nmae": 0.3297158857937629,
    "r2": 0.8516465032220566,
    "combined_score": 0.8708119954402591
  },
  "language": "python",
  "timestamp": 1754715499.07373,
  "saved_at": 1754715533.401684
}