{
  "id": "2d37d721-b476-4569-8b95-fde9b8e2d30e",
  "generation": 2,
  "iteration": 18,
  "current_iteration": 21,
  "metrics": {
    "mse": 0.00030472759824951164,
    "r2": 0.9993111737424849,
    "mae": 0.012886033201511512,
    "nmse": 0.0006888262575149946,
    "combined_score": 0.9993116478974875
  },
  "language": "python",
  "timestamp": 1753508868.9964359,
  "saved_at": 1753508872.5545535
}