{
  "id": "66395da6-622f-47be-8c9d-7ce498372005",
  "generation": 2,
  "iteration": 22,
  "current_iteration": 26,
  "metrics": {
    "mse": 0.0007272392771801945,
    "r2": 0.9959338488070477,
    "mae": 0.017732576538813816,
    "nmse": 0.0040661511929523265,
    "combined_score": 0.9959503154367656
  },
  "language": "python",
  "timestamp": 1753507446.6228795,
  "saved_at": 1753507474.3084764
}