{
  "id": "880eb934-ead0-437b-8753-11b5a773d978",
  "generation": 3,
  "iteration": 23,
  "timestamp": 1753506121.8182,
  "parent_id": "f7a105f5-4eae-4e19-806f-b9db33e0370d",
  "metrics": {
    "mse": 0.0007398426206280115,
    "r2": 0.9959101557595773,
    "mae": 0.018114548803622964,
    "nmse": 0.0040898442404227915,
    "combined_score": 0.9959268144540226
  },
  "language": "python",
  "saved_at": 1753506467.349115
}