{
  "id": "a4f72742-8a29-4f28-9b0e-fb722be63abe",
  "generation": 4,
  "iteration": 85,
  "current_iteration": 188,
  "metrics": {
    "nmse": 8.056121635175172,
    "nmae": 3.1365850349902997,
    "r2": -7.056121635175172,
    "combined_score": 0.11042254513409669
  },
  "language": "python",
  "timestamp": 1754804331.7506073,
  "saved_at": 1754805400.136603
}