{
  "id": "c74493fb-2853-419f-83a5-c2d1e2ddd3f5",
  "generation": 1,
  "iteration": 3,
  "current_iteration": 11,
  "metrics": {
    "nmse": 0.01976555918031745,
    "nmae": 0.11662438240937405,
    "r2": 0.9802344408196826,
    "combined_score": 0.9806175458639681
  },
  "language": "python",
  "timestamp": 1754719903.4136028,
  "saved_at": 1754719950.2077289
}