{
  "id": "ce9dbb00-c0ab-4d1c-9492-776ca0025a09",
  "generation": 2,
  "iteration": 14,
  "current_iteration": 18,
  "metrics": {
    "mse": 0.0007760187436927222,
    "r2": 0.9957407325443237,
    "mae": 0.018120386823195295,
    "nmse": 0.004259267455676354,
    "combined_score": 0.9957587969623947
  },
  "language": "python",
  "timestamp": 1753506021.5529552,
  "saved_at": 1753506043.9368322
}