{
  "id": "de25a1b9-29b3-43dd-8962-71787c987277",
  "generation": 1,
  "iteration": 2,
  "current_iteration": 4,
  "metrics": {
    "mse": 0.04143314871016937,
    "r2": 0.9630478662528285,
    "mae": 0.14442441343314638,
    "nmse": 0.03695213374717154,
    "combined_score": 0.9643646678138944
  },
  "language": "python",
  "timestamp": 1753505752.6944373,
  "saved_at": 1753505767.6217315
}