{
  "id": "8b957dfd-e8f0-4957-9594-c5f9451b7c2b",
  "generation": 2,
  "iteration": 12,
  "current_iteration": 12,
  "metrics": {
    "mse": 1.1212653390226046,
    "r2": 4.6738867442996934e-08,
    "mae": 0.7395063855688089,
    "nmse": 0.9999999532611326,
    "combined_score": 0.5000000116847171
  },
  "language": "python",
  "timestamp": 1753468161.6015372,
  "saved_at": 1753468161.6189456
}