{
  "id": "cd2fff28-f065-4383-bc74-2432f1cc29f6",
  "generation": 3,
  "iteration": 10,
  "current_iteration": 15,
  "metrics": {
    "mse": 0.6444235695429846,
    "r2": -1.462483687486582e-07,
    "mae": 0.6006498947505204,
    "nmse": 1.0000001462483687,
    "combined_score": 0.4999999634379104
  },
  "language": "python",
  "timestamp": 1753468125.1348753,
  "saved_at": 1753468153.3779576
}