{
  "id": "74e5eca9-e71f-45d7-9efe-0abd589ac3f5",
  "generation": 2,
  "iteration": 8,
  "timestamp": 1752941374.772937,
  "parent_id": "ab884550-6153-4fa7-bc9f-53048882ee5b",
  "metrics": {
    "mse": 0.002857403156811633,
    "r2": 0.965757238194529,
    "mae": 0.03938363441979886,
    "nmse": 0.034242761805471054,
    "combined_score": 0.9668909823978912
  },
  "language": "python",
  "saved_at": 1752941686.1248662
}