{
  "id": "cd9bb389-20ef-48d5-b2f3-bcc9cb50eda8",
  "generation": 3,
  "iteration": 44,
  "current_iteration": 56,
  "metrics": {
    "nmse": 8.229751012380724,
    "nmae": 3.184248036510827,
    "r2": -7.229751012380724,
    "combined_score": 0.10834528457578183
  },
  "language": "python",
  "timestamp": 1754803961.884916,
  "saved_at": 1754804065.359513
}