{
  "id": "334a6fa4-fbc4-4ae7-b1b8-c7fa52bb899b",
  "generation": 2,
  "iteration": 13,
  "current_iteration": 16,
  "metrics": {
    "mse": 0.0005010987945503279,
    "combined_score": 0.9994991521796887,
    "mse_flan": 0.0007492265061255547,
    "mse_gigaword": 0.00022312546578971476,
    "mse_wmt19": 0.0005309444117357141
  },
  "language": "python",
  "timestamp": 1752156534.705737,
  "saved_at": 1752156572.9550307
}