{
  "id": "6f3aaa17-c4b3-43b5-a06b-360b30e2dfc4",
  "generation": 1,
  "iteration": 2,
  "current_iteration": 15,
  "metrics": {
    "nmse": 0.19535599982572563,
    "nmae": 0.48421645527133944,
    "r2": 0.8046440001742744,
    "combined_score": 0.8365708626934509
  },
  "language": "python",
  "timestamp": 1754715327.7970195,
  "saved_at": 1754715443.1492586
}