{
  "id": "b56bd7ce-e497-4567-8584-3350a1211382",
  "generation": 0,
  "iteration": 0,
  "current_iteration": 2,
  "metrics": {
    "nmse": 5.42512111103884e+23,
    "nmae": 755534900566.116,
    "r2": -5.42512111103884e+23,
    "combined_score": 1.8432768219040055e-24
  },
  "language": "python",
  "timestamp": 1754717628.746519,
  "saved_at": 1754717648.1702228
}