{
  "id": "724e72fb-7ddb-4a05-b90f-e05b65b502f0",
  "generation": 0,
  "iteration": 0,
  "current_iteration": 2,
  "metrics": {
    "nmse": 3.6451579936756805e+27,
    "nmae": 76538078494753.66,
    "r2": -3.6451579936756805e+27,
    "combined_score": 2.743365312930172e-28
  },
  "language": "python",
  "timestamp": 1754807526.9943116,
  "saved_at": 1754807560.495743
}