{
  "id": "61408fba-3741-486a-84c8-800039043733",
  "generation": 1,
  "iteration": 1,
  "current_iteration": 6,
  "metrics": {
    "nmse": 11.58620896515139,
    "nmae": 4.2323903044834115,
    "r2": -10.58620896515139,
    "combined_score": 0.07945204173622042
  },
  "language": "python",
  "timestamp": 1754805582.104146,
  "saved_at": 1754805609.8534644
}