{
  "id": "ebbce86b-55a0-4424-9253-85b698ff8e76",
  "generation": 1,
  "iteration": 2,
  "current_iteration": 2,
  "metrics": {
    "mse": 0.2992332724438942,
    "r2": 0.7331289499068004,
    "mae": 0.3476886324169911,
    "nmse": 0.26687105009319956,
    "combined_score": 0.7893463189694273
  },
  "language": "python",
  "timestamp": 1752860309.501303,
  "saved_at": 1752860309.5074909
}