{
  "id": "f073d157-fd24-464d-95dd-412dd011e935",
  "generation": 3,
  "iteration": 47,
  "current_iteration": 47,
  "metrics": {
    "nmse": 0.000962920550825221,
    "nmae": 0.029535850443277008,
    "r2": 0.9990370794491747,
    "combined_score": 0.9990380057731856
  },
  "language": "python",
  "timestamp": 1754716898.7103732,
  "saved_at": 1754716898.7448983
}