{
  "id": "8e966c88-bb94-400c-b5d0-8a94605f8193",
  "generation": 3,
  "iteration": 31,
  "current_iteration": 35,
  "metrics": {
    "mse": 0.026877570676267237,
    "r2": 0.9582920677061373,
    "mae": 0.1270394496651421,
    "nmse": 0.041707932293862666,
    "combined_score": 0.9599619711044909
  },
  "language": "python",
  "timestamp": 1753468278.1492834,
  "saved_at": 1753468287.656178
}