{
  "id": "8f29e09c-aead-4589-9784-67c11a220a56",
  "generation": 0,
  "iteration": 0,
  "current_iteration": 1,
  "metrics": {
    "mse": 0.06749192161918366,
    "r2": 0.19118525844353484,
    "mae": 0.22940723680436045,
    "nmse": 0.8088147415564652,
    "combined_score": 0.5528482143724188
  },
  "language": "python",
  "timestamp": 1752902625.6067388,
  "saved_at": 1752902652.232412
}