{
  "id": "8b7436af-a48e-462d-8600-e8be60a96108",
  "generation": 2,
  "iteration": 6,
  "current_iteration": 12,
  "metrics": {
    "mse": 0.0027300708092596352,
    "r2": 0.9672831731109793,
    "mae": 0.036341077517695414,
    "nmse": 0.03271682688902064,
    "combined_score": 0.9683196535224691
  },
  "language": "python",
  "timestamp": 1752941827.8819754,
  "saved_at": 1752941860.1989965
}