{
  "id": "a67abe7a-8be8-46b8-8af0-88209c0e7ddf",
  "generation": 3,
  "iteration": 39,
  "timestamp": 1754718908.4099486,
  "parent_id": "74ee544b-3b29-472b-b052-22d8d6151df9",
  "metrics": {
    "nmse": 0.14389626705549405,
    "nmae": 0.3398481998821975,
    "r2": 0.8561037329445059,
    "combined_score": 0.8742051432461637
  },
  "language": "python",
  "saved_at": 1754719043.9234738
}