{
  "id": "12995642-0089-4deb-9ee3-6896432e3ee2",
  "generation": 1,
  "iteration": 1,
  "current_iteration": 1,
  "metrics": {
    "mse": 0.39970447043036045,
    "r2": 0.6435237603107893,
    "mae": 0.4264060858534872,
    "nmse": 0.35647623968921077,
    "combined_score": 0.7372042139338284
  },
  "language": "python",
  "timestamp": 1752940520.5734086,
  "saved_at": 1752940520.5843935
}