{
  "id": "caf8ff33-7581-4a5d-a220-3a59919fee01",
  "generation": 1,
  "iteration": 3,
  "current_iteration": 3,
  "metrics": {
    "mse": 0.012104799240895338,
    "r2": 0.8549376009048937,
    "mae": 0.08845380649367535,
    "nmse": 0.14506239909510638,
    "combined_score": 0.8733148523523758
  },
  "language": "python",
  "timestamp": 1752941794.8223574,
  "saved_at": 1752941794.8329191
}