{
  "id": "2c077280-0f19-43af-839e-69c18ef41d20",
  "generation": 4,
  "iteration": 89,
  "current_iteration": 183,
  "metrics": {
    "nmse": 0.18924071786620764,
    "nmae": 0.5151606686437805,
    "r2": 0.8107592821337923,
    "combined_score": 0.840872655112455
  },
  "language": "python",
  "timestamp": 1754808535.6781552,
  "saved_at": 1754809706.5875685
}