{
  "id": "ccdc9551-936f-4756-86b0-fef908c5056a",
  "generation": 2,
  "iteration": 19,
  "current_iteration": 21,
  "metrics": {
    "nmse": 0.09757690575929612,
    "nmae": 0.3101095785135347,
    "r2": 0.9024230942407039,
    "combined_score": 0.9110978873122397
  },
  "language": "python",
  "timestamp": 1754805707.8182633,
  "saved_at": 1754805737.7536116
}