{
  "id": "1378f8d4-b223-4415-9b7d-67174decbbea",
  "generation": 0,
  "iteration": 0,
  "current_iteration": 4,
  "metrics": {
    "nmse": 5.42512111103884e+23,
    "nmae": 755534900566.116,
    "r2": -5.42512111103884e+23,
    "combined_score": 1.8432768219040055e-24
  },
  "language": "python",
  "timestamp": 1754716914.2225633,
  "saved_at": 1754716936.9811733
}