{
  "id": "d2d6a172-fc4f-4d49-af4f-8b0c4c3d4faa",
  "generation": 4,
  "iteration": 24,
  "current_iteration": 27,
  "metrics": {
    "mse": 0.03336633195805001,
    "r2": 0.970242252892941,
    "mae": 0.13117336280111563,
    "nmse": 0.029757747107059005,
    "combined_score": 0.9711021867126918
  },
  "language": "python",
  "timestamp": 1753506338.4101954,
  "saved_at": 1753506349.943659
}