{
  "id": "39d41b15-b239-4cea-8d2b-b84a5bc477fe",
  "generation": 1,
  "iteration": 1,
  "current_iteration": 1,
  "metrics": {
    "mse": 0.0018787209575894098,
    "r2": 0.9957260141283354,
    "mae": 0.03152066802551617,
    "nmse": 0.004273985871664481,
    "combined_score": 0.9957442033431196
  },
  "language": "python",
  "timestamp": 1753506656.0389624,
  "saved_at": 1753506656.3527815
}