{
  "id": "132547a2-ee80-4e18-83c9-dc27d34665f9",
  "generation": 1,
  "iteration": 2,
  "current_iteration": 15,
  "metrics": {
    "mse": 0.004405564695503442,
    "r2": 0.9472042640790496,
    "mae": 0.05266865739125981,
    "nmse": 0.052795735920950396,
    "combined_score": 0.9498518714318629
  },
  "language": "python",
  "timestamp": 1753510771.4175367,
  "saved_at": 1753510838.7969227
}