{
  "id": "9cedfdf7-0357-4833-8ff9-d6964d07caf6",
  "generation": 1,
  "iteration": 1,
  "current_iteration": 1,
  "metrics": {
    "mse": 0.004028840937075251,
    "r2": 0.9517188744502065,
    "mae": 0.04953493937241637,
    "nmse": 0.04828112554979347,
    "combined_score": 0.9539425785955352
  },
  "language": "python",
  "timestamp": 1752941324.3691385,
  "saved_at": 1752941324.3754628
}