{
  "id": "54b7f29f-9e5d-47ac-8172-b8ae6b4d1950",
  "generation": 3,
  "iteration": 57,
  "timestamp": 1754806044.3904643,
  "parent_id": "1032e271-c12b-4622-ace6-d5fb46991d98",
  "metrics": {
    "nmse": 0.009529812593006361,
    "nmae": 0.10319057777458805,
    "r2": 0.9904701874069937,
    "combined_score": 0.990560147432864
  },
  "language": "python",
  "saved_at": 1754807525.7379515
}