{
  "id": "04470d9d-5cda-462d-88d8-8df0e545667f",
  "generation": 1,
  "iteration": 4,
  "timestamp": 1753516301.397595,
  "parent_id": "9f16adb6-4c0d-4bd7-a9e0-4b6eda3d8913",
  "metrics": {
    "mse": 0.002599250695966497,
    "r2": 0.9688509049755512,
    "mae": 0.037168799767218826,
    "nmse": 0.031149095024448837,
    "combined_score": 0.9697918611627058
  },
  "language": "python",
  "saved_at": 1753516647.4024765
}