{
  "id": "b9b29ee0-52bc-4d2b-ad8f-42e5cefe2c84",
  "generation": 1,
  "iteration": 10,
  "current_iteration": 13,
  "metrics": {
    "nmse": 41.500567218955304,
    "nmae": 8.495647181122589,
    "r2": -40.500567218955304,
    "combined_score": 0.02352909773764146
  },
  "language": "python",
  "timestamp": 1754803684.4939303,
  "saved_at": 1754803711.9050584
}