{
  "id": "7fd69e04-1b26-495c-870d-b9ea18f4ecc9",
  "generation": 2,
  "iteration": 38,
  "current_iteration": 25,
  "metrics": {
    "error": 0.0,
    "timeout": true
  },
  "language": "python",
  "timestamp": 1753508359.5065303,
  "saved_at": 1753508627.7352755
}