{
  "id": "ea6c4b4a-0cab-48a4-b133-2614820d35d3",
  "generation": 2,
  "iteration": 17,
  "current_iteration": 24,
  "metrics": {
    "nmse": 0.3482294626286002,
    "nmae": 0.5695390549413221,
    "r2": 0.6517705373713998,
    "combined_score": 0.7417135047993475
  },
  "language": "python",
  "timestamp": 1754718435.2861638,
  "saved_at": 1754718481.8595572
}