{
  "id": "dcc366ec-ad90-483c-b027-a7a909c24e14",
  "generation": 2,
  "iteration": 40,
  "timestamp": 1754722925.9500055,
  "parent_id": "d8f5cfa6-1b40-408f-8823-57b3c299fbfa",
  "metrics": {
    "nmse": 0.02104956514402663,
    "nmae": 0.16160639782536138,
    "r2": 0.9789504348559733,
    "combined_score": 0.9793843845954164
  },
  "language": "python",
  "saved_at": 1754722995.7430592
}