{
  "id": "dcc366ec-ad90-483c-b027-a7a909c24e14",
  "generation": 2,
  "iteration": 40,
  "current_iteration": 48,
  "metrics": {
    "nmse": 0.02104956514402663,
    "nmae": 0.16160639782536138,
    "r2": 0.9789504348559733,
    "combined_score": 0.9793843845954164
  },
  "language": "python",
  "timestamp": 1754722925.9500055,
  "saved_at": 1754722964.1167061
}