{
  "id": "12fe7181-5920-40c2-9f87-a979030e7513",
  "generation": 1,
  "iteration": 2,
  "current_iteration": 3,
  "metrics": {
    "mse": 0.0007845840633890099,
    "r2": 0.9982070117202441,
    "mae": 0.018492798902014468,
    "nmse": 0.001792988279755956,
    "combined_score": 0.9982102207734206
  },
  "language": "python",
  "timestamp": 1753506677.586535,
  "saved_at": 1753506686.9438553
}