{
  "id": "fe1dcfeb-ac29-43fd-8d0d-6a5be5cead9d",
  "generation": 2,
  "iteration": 22,
  "current_iteration": 26,
  "metrics": {
    "nmse": 0.011946714950323312,
    "nmae": 0.09126340807642966,
    "r2": 0.9880532850496767,
    "combined_score": 0.9881943240945154
  },
  "language": "python",
  "timestamp": 1754719199.1039388,
  "saved_at": 1754719221.4453275
}