{
  "id": "3ca2c9b5-ea7e-4fd4-850f-9326db0ad55f",
  "generation": 1,
  "iteration": 2,
  "current_iteration": 3,
  "metrics": {
    "nmse": 0.018360804339811472,
    "nmae": 0.13690427617636788,
    "r2": 0.9816391956601885,
    "combined_score": 0.9819702366179396
  },
  "language": "python",
  "timestamp": 1754716592.261745,
  "saved_at": 1754716593.1225464
}