{
  "id": "7c49516a-96c8-437b-8728-f64347d17ddf",
  "generation": 3,
  "iteration": 27,
  "current_iteration": 30,
  "metrics": {
    "mse": 0.0015164872237331962,
    "r2": 0.9964270024265328,
    "mae": 0.029307840938270144,
    "nmse": 0.0035729975734672056,
    "combined_score": 0.9964397232865906
  },
  "language": "python",
  "timestamp": 1753506067.6848662,
  "saved_at": 1753506071.8191404
}