{
  "id": "64798949-3edf-4af4-a01a-8b496ef8b5d0",
  "generation": 2,
  "iteration": 24,
  "current_iteration": 27,
  "metrics": {
    "nmse": 0.259892452175383,
    "nmae": 0.45676183373108786,
    "r2": 0.7401075478246171,
    "combined_score": 0.7937185418274062
  },
  "language": "python",
  "timestamp": 1754717098.904093,
  "saved_at": 1754717109.2817013
}