{
  "id": "e3177c0a-af3d-4dcb-a828-31aba5fe91af",
  "generation": 2,
  "iteration": 6,
  "current_iteration": 6,
  "metrics": {
    "mse": 0.06895168606363376,
    "combined_score": 0.9354959752039448
  },
  "language": "python",
  "timestamp": 1752759199.6899114,
  "saved_at": 1752759199.7042196
}